,page,codimap_category,codimap_title,codimap_date,views,comment_numbers
0,1페이지,캐주얼,톤온톤 코디,21.07.02,"조회 15,957","조회 15,957"
1,1페이지,캐주얼,톤온톤 코디,21.07.02,"조회 15,957","조회 15,957"
2,1페이지,캐주얼,블랙 매니아,21.02.23,"조회 34,631","조회 34,631"
3,1페이지,캐주얼,톤온톤 코디,21.07.02,"조회 15,957","조회 15,957"
4,1페이지,캐주얼,블랙 매니아,21.02.23,"조회 34,631","조회 34,631"
5,1페이지,캐주얼,오늘의 코디,22.03.22,"조회 12,166","조회 12,166"
6,1페이지,캐주얼,톤온톤 코디,21.07.02,"조회 15,957","조회 15,957"
7,1페이지,캐주얼,블랙 매니아,21.02.23,"조회 34,631","조회 34,631"
8,1페이지,캐주얼,오늘의 코디,22.03.22,"조회 12,166","조회 12,166"
9,1페이지,댄디,추천 댄디 룩,21.09.15,"조회 20,158","조회 20,158"
10,1페이지,캐주얼,톤온톤 코디,21.07.02,"조회 15,957","조회 15,957"
11,1페이지,캐주얼,블랙 매니아,21.02.23,"조회 34,631","조회 34,631"
12,1페이지,캐주얼,오늘의 코디,22.03.22,"조회 12,166","조회 12,166"
13,1페이지,댄디,추천 댄디 룩,21.09.15,"조회 20,158","조회 20,158"
14,1페이지,캐주얼,릴랙스 룩,21.02.23,"조회 23,511","조회 23,511"
15,1페이지,캐주얼,톤온톤 코디,21.07.02,"조회 15,957","조회 15,957"
16,1페이지,캐주얼,블랙 매니아,21.02.23,"조회 34,631","조회 34,631"
17,1페이지,캐주얼,오늘의 코디,22.03.22,"조회 12,166","조회 12,166"
18,1페이지,댄디,추천 댄디 룩,21.09.15,"조회 20,158","조회 20,158"
19,1페이지,캐주얼,릴랙스 룩,21.02.23,"조회 23,511","조회 23,511"
20,1페이지,스트릿,힙하다 힙해,21.02.03,"조회 35,261","조회 35,261"
21,1페이지,캐주얼,톤온톤 코디,21.07.02,"조회 15,957","조회 15,957"
22,1페이지,캐주얼,블랙 매니아,21.02.23,"조회 34,631","조회 34,631"
23,1페이지,캐주얼,오늘의 코디,22.03.22,"조회 12,166","조회 12,166"
24,1페이지,댄디,추천 댄디 룩,21.09.15,"조회 20,158","조회 20,158"
25,1페이지,캐주얼,릴랙스 룩,21.02.23,"조회 23,511","조회 23,511"
26,1페이지,스트릿,힙하다 힙해,21.02.03,"조회 35,261","조회 35,261"
27,1페이지,캐주얼,심플한 코디,21.07.30,"조회 39,523","조회 39,523"
28,1페이지,캐주얼,톤온톤 코디,21.07.02,"조회 15,957","조회 15,957"
29,1페이지,캐주얼,블랙 매니아,21.02.23,"조회 34,631","조회 34,631"
30,1페이지,캐주얼,오늘의 코디,22.03.22,"조회 12,166","조회 12,166"
31,1페이지,댄디,추천 댄디 룩,21.09.15,"조회 20,158","조회 20,158"
32,1페이지,캐주얼,릴랙스 룩,21.02.23,"조회 23,511","조회 23,511"
33,1페이지,스트릿,힙하다 힙해,21.02.03,"조회 35,261","조회 35,261"
34,1페이지,캐주얼,심플한 코디,21.07.30,"조회 39,523","조회 39,523"
35,1페이지,댄디,데이트 코디,21.12.24,"조회 10,291","조회 10,291"
36,1페이지,캐주얼,톤온톤 코디,21.07.02,"조회 15,957","조회 15,957"
37,1페이지,캐주얼,블랙 매니아,21.02.23,"조회 34,631","조회 34,631"
38,1페이지,캐주얼,오늘의 코디,22.03.22,"조회 12,166","조회 12,166"
39,1페이지,댄디,추천 댄디 룩,21.09.15,"조회 20,158","조회 20,158"
40,1페이지,캐주얼,릴랙스 룩,21.02.23,"조회 23,511","조회 23,511"
41,1페이지,스트릿,힙하다 힙해,21.02.03,"조회 35,261","조회 35,261"
42,1페이지,캐주얼,심플한 코디,21.07.30,"조회 39,523","조회 39,523"
43,1페이지,댄디,데이트 코디,21.12.24,"조회 10,291","조회 10,291"
44,1페이지,댄디,훈훈 남친 룩,21.03.24,"조회 19,322","조회 19,322"
45,1페이지,캐주얼,톤온톤 코디,21.07.02,"조회 15,957","조회 15,957"
46,1페이지,캐주얼,블랙 매니아,21.02.23,"조회 34,631","조회 34,631"
47,1페이지,캐주얼,오늘의 코디,22.03.22,"조회 12,166","조회 12,166"
48,1페이지,댄디,추천 댄디 룩,21.09.15,"조회 20,158","조회 20,158"
49,1페이지,캐주얼,릴랙스 룩,21.02.23,"조회 23,511","조회 23,511"
50,1페이지,스트릿,힙하다 힙해,21.02.03,"조회 35,261","조회 35,261"
51,1페이지,캐주얼,심플한 코디,21.07.30,"조회 39,523","조회 39,523"
52,1페이지,댄디,데이트 코디,21.12.24,"조회 10,291","조회 10,291"
53,1페이지,댄디,훈훈 남친 룩,21.03.24,"조회 19,322","조회 19,322"
54,1페이지,캐주얼,지금 입기 좋아,21.08.31,"조회 20,193","조회 20,193"
55,1페이지,캐주얼,톤온톤 코디,21.07.02,"조회 15,957","조회 15,957"
56,1페이지,캐주얼,블랙 매니아,21.02.23,"조회 34,631","조회 34,631"
57,1페이지,캐주얼,오늘의 코디,22.03.22,"조회 12,166","조회 12,166"
58,1페이지,댄디,추천 댄디 룩,21.09.15,"조회 20,158","조회 20,158"
59,1페이지,캐주얼,릴랙스 룩,21.02.23,"조회 23,511","조회 23,511"
60,1페이지,스트릿,힙하다 힙해,21.02.03,"조회 35,261","조회 35,261"
61,1페이지,캐주얼,심플한 코디,21.07.30,"조회 39,523","조회 39,523"
62,1페이지,댄디,데이트 코디,21.12.24,"조회 10,291","조회 10,291"
63,1페이지,댄디,훈훈 남친 룩,21.03.24,"조회 19,322","조회 19,322"
64,1페이지,캐주얼,지금 입기 좋아,21.08.31,"조회 20,193","조회 20,193"
65,1페이지,댄디,남친 룩으로 제격,21.12.24,"조회 9,630","조회 9,630"
66,1페이지,캐주얼,톤온톤 코디,21.07.02,"조회 15,957","조회 15,957"
67,1페이지,캐주얼,블랙 매니아,21.02.23,"조회 34,631","조회 34,631"
68,1페이지,캐주얼,오늘의 코디,22.03.22,"조회 12,166","조회 12,166"
69,1페이지,댄디,추천 댄디 룩,21.09.15,"조회 20,158","조회 20,158"
70,1페이지,캐주얼,릴랙스 룩,21.02.23,"조회 23,511","조회 23,511"
71,1페이지,스트릿,힙하다 힙해,21.02.03,"조회 35,261","조회 35,261"
72,1페이지,캐주얼,심플한 코디,21.07.30,"조회 39,523","조회 39,523"
73,1페이지,댄디,데이트 코디,21.12.24,"조회 10,291","조회 10,291"
74,1페이지,댄디,훈훈 남친 룩,21.03.24,"조회 19,322","조회 19,322"
75,1페이지,캐주얼,지금 입기 좋아,21.08.31,"조회 20,193","조회 20,193"
76,1페이지,댄디,남친 룩으로 제격,21.12.24,"조회 9,630","조회 9,630"
77,1페이지,댄디,서머 데이트 룩,21.07.26,"조회 7,825","조회 7,825"
78,1페이지,캐주얼,톤온톤 코디,21.07.02,"조회 15,957","조회 15,957"
79,1페이지,캐주얼,블랙 매니아,21.02.23,"조회 34,631","조회 34,631"
80,1페이지,캐주얼,오늘의 코디,22.03.22,"조회 12,166","조회 12,166"
81,1페이지,댄디,추천 댄디 룩,21.09.15,"조회 20,158","조회 20,158"
82,1페이지,캐주얼,릴랙스 룩,21.02.23,"조회 23,511","조회 23,511"
83,1페이지,스트릿,힙하다 힙해,21.02.03,"조회 35,261","조회 35,261"
84,1페이지,캐주얼,심플한 코디,21.07.30,"조회 39,523","조회 39,523"
85,1페이지,댄디,데이트 코디,21.12.24,"조회 10,291","조회 10,291"
86,1페이지,댄디,훈훈 남친 룩,21.03.24,"조회 19,322","조회 19,322"
87,1페이지,캐주얼,지금 입기 좋아,21.08.31,"조회 20,193","조회 20,193"
88,1페이지,댄디,남친 룩으로 제격,21.12.24,"조회 9,630","조회 9,630"
89,1페이지,댄디,서머 데이트 룩,21.07.26,"조회 7,825","조회 7,825"
90,1페이지,포멀,깔끔하게 즐겨,21.11.09,"조회 6,293","조회 6,293"
91,1페이지,캐주얼,톤온톤 코디,21.07.02,"조회 15,957","조회 15,957"
92,1페이지,캐주얼,블랙 매니아,21.02.23,"조회 34,631","조회 34,631"
93,1페이지,캐주얼,오늘의 코디,22.03.22,"조회 12,166","조회 12,166"
94,1페이지,댄디,추천 댄디 룩,21.09.15,"조회 20,158","조회 20,158"
95,1페이지,캐주얼,릴랙스 룩,21.02.23,"조회 23,511","조회 23,511"
96,1페이지,스트릿,힙하다 힙해,21.02.03,"조회 35,261","조회 35,261"
97,1페이지,캐주얼,심플한 코디,21.07.30,"조회 39,523","조회 39,523"
98,1페이지,댄디,데이트 코디,21.12.24,"조회 10,291","조회 10,291"
99,1페이지,댄디,훈훈 남친 룩,21.03.24,"조회 19,322","조회 19,322"
100,1페이지,캐주얼,지금 입기 좋아,21.08.31,"조회 20,193","조회 20,193"
101,1페이지,댄디,남친 룩으로 제격,21.12.24,"조회 9,630","조회 9,630"
102,1페이지,댄디,서머 데이트 룩,21.07.26,"조회 7,825","조회 7,825"
103,1페이지,포멀,깔끔하게 즐겨,21.11.09,"조회 6,293","조회 6,293"
104,1페이지,아메리칸 캐주얼,남다른 감각,21.11.17,"조회 4,317","조회 4,317"
105,1페이지,캐주얼,톤온톤 코디,21.07.02,"조회 15,957","조회 15,957"
106,1페이지,캐주얼,블랙 매니아,21.02.23,"조회 34,631","조회 34,631"
107,1페이지,캐주얼,오늘의 코디,22.03.22,"조회 12,166","조회 12,166"
108,1페이지,댄디,추천 댄디 룩,21.09.15,"조회 20,158","조회 20,158"
109,1페이지,캐주얼,릴랙스 룩,21.02.23,"조회 23,511","조회 23,511"
110,1페이지,스트릿,힙하다 힙해,21.02.03,"조회 35,261","조회 35,261"
111,1페이지,캐주얼,심플한 코디,21.07.30,"조회 39,523","조회 39,523"
112,1페이지,댄디,데이트 코디,21.12.24,"조회 10,291","조회 10,291"
113,1페이지,댄디,훈훈 남친 룩,21.03.24,"조회 19,322","조회 19,322"
114,1페이지,캐주얼,지금 입기 좋아,21.08.31,"조회 20,193","조회 20,193"
115,1페이지,댄디,남친 룩으로 제격,21.12.24,"조회 9,630","조회 9,630"
116,1페이지,댄디,서머 데이트 룩,21.07.26,"조회 7,825","조회 7,825"
117,1페이지,포멀,깔끔하게 즐겨,21.11.09,"조회 6,293","조회 6,293"
118,1페이지,아메리칸 캐주얼,남다른 감각,21.11.17,"조회 4,317","조회 4,317"
119,1페이지,캐주얼,편안함의 완성,21.10.04,"조회 19,404","조회 19,404"
120,1페이지,캐주얼,톤온톤 코디,21.07.02,"조회 15,957","조회 15,957"
121,1페이지,캐주얼,블랙 매니아,21.02.23,"조회 34,631","조회 34,631"
122,1페이지,캐주얼,오늘의 코디,22.03.22,"조회 12,166","조회 12,166"
123,1페이지,댄디,추천 댄디 룩,21.09.15,"조회 20,158","조회 20,158"
124,1페이지,캐주얼,릴랙스 룩,21.02.23,"조회 23,511","조회 23,511"
125,1페이지,스트릿,힙하다 힙해,21.02.03,"조회 35,261","조회 35,261"
126,1페이지,캐주얼,심플한 코디,21.07.30,"조회 39,523","조회 39,523"
127,1페이지,댄디,데이트 코디,21.12.24,"조회 10,291","조회 10,291"
128,1페이지,댄디,훈훈 남친 룩,21.03.24,"조회 19,322","조회 19,322"
129,1페이지,캐주얼,지금 입기 좋아,21.08.31,"조회 20,193","조회 20,193"
130,1페이지,댄디,남친 룩으로 제격,21.12.24,"조회 9,630","조회 9,630"
131,1페이지,댄디,서머 데이트 룩,21.07.26,"조회 7,825","조회 7,825"
132,1페이지,포멀,깔끔하게 즐겨,21.11.09,"조회 6,293","조회 6,293"
133,1페이지,아메리칸 캐주얼,남다른 감각,21.11.17,"조회 4,317","조회 4,317"
134,1페이지,캐주얼,편안함의 완성,21.10.04,"조회 19,404","조회 19,404"
135,1페이지,캐주얼,원 마일 웨어,21.10.08,"조회 16,763","조회 16,763"
136,1페이지,캐주얼,톤온톤 코디,21.07.02,"조회 15,957","조회 15,957"
137,1페이지,캐주얼,블랙 매니아,21.02.23,"조회 34,631","조회 34,631"
138,1페이지,캐주얼,오늘의 코디,22.03.22,"조회 12,166","조회 12,166"
139,1페이지,댄디,추천 댄디 룩,21.09.15,"조회 20,158","조회 20,158"
140,1페이지,캐주얼,릴랙스 룩,21.02.23,"조회 23,511","조회 23,511"
141,1페이지,스트릿,힙하다 힙해,21.02.03,"조회 35,261","조회 35,261"
142,1페이지,캐주얼,심플한 코디,21.07.30,"조회 39,523","조회 39,523"
143,1페이지,댄디,데이트 코디,21.12.24,"조회 10,291","조회 10,291"
144,1페이지,댄디,훈훈 남친 룩,21.03.24,"조회 19,322","조회 19,322"
145,1페이지,캐주얼,지금 입기 좋아,21.08.31,"조회 20,193","조회 20,193"
146,1페이지,댄디,남친 룩으로 제격,21.12.24,"조회 9,630","조회 9,630"
147,1페이지,댄디,서머 데이트 룩,21.07.26,"조회 7,825","조회 7,825"
148,1페이지,포멀,깔끔하게 즐겨,21.11.09,"조회 6,293","조회 6,293"
149,1페이지,아메리칸 캐주얼,남다른 감각,21.11.17,"조회 4,317","조회 4,317"
150,1페이지,캐주얼,편안함의 완성,21.10.04,"조회 19,404","조회 19,404"
151,1페이지,캐주얼,원 마일 웨어,21.10.08,"조회 16,763","조회 16,763"
152,1페이지,아메리칸 캐주얼,아메리칸 캐주얼,21.12.21,"조회 4,475","조회 4,475"
153,1페이지,캐주얼,톤온톤 코디,21.07.02,"조회 15,957","조회 15,957"
154,1페이지,캐주얼,블랙 매니아,21.02.23,"조회 34,631","조회 34,631"
155,1페이지,캐주얼,오늘의 코디,22.03.22,"조회 12,166","조회 12,166"
156,1페이지,댄디,추천 댄디 룩,21.09.15,"조회 20,158","조회 20,158"
157,1페이지,캐주얼,릴랙스 룩,21.02.23,"조회 23,511","조회 23,511"
158,1페이지,스트릿,힙하다 힙해,21.02.03,"조회 35,261","조회 35,261"
159,1페이지,캐주얼,심플한 코디,21.07.30,"조회 39,523","조회 39,523"
160,1페이지,댄디,데이트 코디,21.12.24,"조회 10,291","조회 10,291"
161,1페이지,댄디,훈훈 남친 룩,21.03.24,"조회 19,322","조회 19,322"
162,1페이지,캐주얼,지금 입기 좋아,21.08.31,"조회 20,193","조회 20,193"
163,1페이지,댄디,남친 룩으로 제격,21.12.24,"조회 9,630","조회 9,630"
164,1페이지,댄디,서머 데이트 룩,21.07.26,"조회 7,825","조회 7,825"
165,1페이지,포멀,깔끔하게 즐겨,21.11.09,"조회 6,293","조회 6,293"
166,1페이지,아메리칸 캐주얼,남다른 감각,21.11.17,"조회 4,317","조회 4,317"
167,1페이지,캐주얼,편안함의 완성,21.10.04,"조회 19,404","조회 19,404"
168,1페이지,캐주얼,원 마일 웨어,21.10.08,"조회 16,763","조회 16,763"
169,1페이지,아메리칸 캐주얼,아메리칸 캐주얼,21.12.21,"조회 4,475","조회 4,475"
170,1페이지,캐주얼,편하게 완성,21.07.21,"조회 14,956","조회 14,956"
171,1페이지,캐주얼,톤온톤 코디,21.07.02,"조회 15,957","조회 15,957"
172,1페이지,캐주얼,블랙 매니아,21.02.23,"조회 34,631","조회 34,631"
173,1페이지,캐주얼,오늘의 코디,22.03.22,"조회 12,166","조회 12,166"
174,1페이지,댄디,추천 댄디 룩,21.09.15,"조회 20,158","조회 20,158"
175,1페이지,캐주얼,릴랙스 룩,21.02.23,"조회 23,511","조회 23,511"
176,1페이지,스트릿,힙하다 힙해,21.02.03,"조회 35,261","조회 35,261"
177,1페이지,캐주얼,심플한 코디,21.07.30,"조회 39,523","조회 39,523"
178,1페이지,댄디,데이트 코디,21.12.24,"조회 10,291","조회 10,291"
179,1페이지,댄디,훈훈 남친 룩,21.03.24,"조회 19,322","조회 19,322"
180,1페이지,캐주얼,지금 입기 좋아,21.08.31,"조회 20,193","조회 20,193"
181,1페이지,댄디,남친 룩으로 제격,21.12.24,"조회 9,630","조회 9,630"
182,1페이지,댄디,서머 데이트 룩,21.07.26,"조회 7,825","조회 7,825"
183,1페이지,포멀,깔끔하게 즐겨,21.11.09,"조회 6,293","조회 6,293"
184,1페이지,아메리칸 캐주얼,남다른 감각,21.11.17,"조회 4,317","조회 4,317"
185,1페이지,캐주얼,편안함의 완성,21.10.04,"조회 19,404","조회 19,404"
186,1페이지,캐주얼,원 마일 웨어,21.10.08,"조회 16,763","조회 16,763"
187,1페이지,아메리칸 캐주얼,아메리칸 캐주얼,21.12.21,"조회 4,475","조회 4,475"
188,1페이지,캐주얼,편하게 완성,21.07.21,"조회 14,956","조회 14,956"
189,1페이지,캐주얼,레이어드의 매력,21.06.04,"조회 12,655","조회 12,655"
190,1페이지,캐주얼,톤온톤 코디,21.07.02,"조회 15,957","조회 15,957"
191,1페이지,캐주얼,블랙 매니아,21.02.23,"조회 34,631","조회 34,631"
192,1페이지,캐주얼,오늘의 코디,22.03.22,"조회 12,166","조회 12,166"
193,1페이지,댄디,추천 댄디 룩,21.09.15,"조회 20,158","조회 20,158"
194,1페이지,캐주얼,릴랙스 룩,21.02.23,"조회 23,511","조회 23,511"
195,1페이지,스트릿,힙하다 힙해,21.02.03,"조회 35,261","조회 35,261"
196,1페이지,캐주얼,심플한 코디,21.07.30,"조회 39,523","조회 39,523"
197,1페이지,댄디,데이트 코디,21.12.24,"조회 10,291","조회 10,291"
198,1페이지,댄디,훈훈 남친 룩,21.03.24,"조회 19,322","조회 19,322"
199,1페이지,캐주얼,지금 입기 좋아,21.08.31,"조회 20,193","조회 20,193"
200,1페이지,댄디,남친 룩으로 제격,21.12.24,"조회 9,630","조회 9,630"
201,1페이지,댄디,서머 데이트 룩,21.07.26,"조회 7,825","조회 7,825"
202,1페이지,포멀,깔끔하게 즐겨,21.11.09,"조회 6,293","조회 6,293"
203,1페이지,아메리칸 캐주얼,남다른 감각,21.11.17,"조회 4,317","조회 4,317"
204,1페이지,캐주얼,편안함의 완성,21.10.04,"조회 19,404","조회 19,404"
205,1페이지,캐주얼,원 마일 웨어,21.10.08,"조회 16,763","조회 16,763"
206,1페이지,아메리칸 캐주얼,아메리칸 캐주얼,21.12.21,"조회 4,475","조회 4,475"
207,1페이지,캐주얼,편하게 완성,21.07.21,"조회 14,956","조회 14,956"
208,1페이지,캐주얼,레이어드의 매력,21.06.04,"조회 12,655","조회 12,655"
209,1페이지,포멀,매력적인 포멀 룩,21.09.17,"조회 11,319","조회 11,319"
210,1페이지,캐주얼,톤온톤 코디,21.07.02,"조회 15,957","조회 15,957"
211,1페이지,캐주얼,블랙 매니아,21.02.23,"조회 34,631","조회 34,631"
212,1페이지,캐주얼,오늘의 코디,22.03.22,"조회 12,166","조회 12,166"
213,1페이지,댄디,추천 댄디 룩,21.09.15,"조회 20,158","조회 20,158"
214,1페이지,캐주얼,릴랙스 룩,21.02.23,"조회 23,511","조회 23,511"
215,1페이지,스트릿,힙하다 힙해,21.02.03,"조회 35,261","조회 35,261"
216,1페이지,캐주얼,심플한 코디,21.07.30,"조회 39,523","조회 39,523"
217,1페이지,댄디,데이트 코디,21.12.24,"조회 10,291","조회 10,291"
218,1페이지,댄디,훈훈 남친 룩,21.03.24,"조회 19,322","조회 19,322"
219,1페이지,캐주얼,지금 입기 좋아,21.08.31,"조회 20,193","조회 20,193"
220,1페이지,댄디,남친 룩으로 제격,21.12.24,"조회 9,630","조회 9,630"
221,1페이지,댄디,서머 데이트 룩,21.07.26,"조회 7,825","조회 7,825"
222,1페이지,포멀,깔끔하게 즐겨,21.11.09,"조회 6,293","조회 6,293"
223,1페이지,아메리칸 캐주얼,남다른 감각,21.11.17,"조회 4,317","조회 4,317"
224,1페이지,캐주얼,편안함의 완성,21.10.04,"조회 19,404","조회 19,404"
225,1페이지,캐주얼,원 마일 웨어,21.10.08,"조회 16,763","조회 16,763"
226,1페이지,아메리칸 캐주얼,아메리칸 캐주얼,21.12.21,"조회 4,475","조회 4,475"
227,1페이지,캐주얼,편하게 완성,21.07.21,"조회 14,956","조회 14,956"
228,1페이지,캐주얼,레이어드의 매력,21.06.04,"조회 12,655","조회 12,655"
229,1페이지,포멀,매력적인 포멀 룩,21.09.17,"조회 11,319","조회 11,319"
230,1페이지,댄디,레이어드의 매력,21.11.23,"조회 10,145","조회 10,145"
231,1페이지,캐주얼,톤온톤 코디,21.07.02,"조회 15,957","조회 15,957"
232,1페이지,캐주얼,블랙 매니아,21.02.23,"조회 34,631","조회 34,631"
233,1페이지,캐주얼,오늘의 코디,22.03.22,"조회 12,166","조회 12,166"
234,1페이지,댄디,추천 댄디 룩,21.09.15,"조회 20,158","조회 20,158"
235,1페이지,캐주얼,릴랙스 룩,21.02.23,"조회 23,511","조회 23,511"
236,1페이지,스트릿,힙하다 힙해,21.02.03,"조회 35,261","조회 35,261"
237,1페이지,캐주얼,심플한 코디,21.07.30,"조회 39,523","조회 39,523"
238,1페이지,댄디,데이트 코디,21.12.24,"조회 10,291","조회 10,291"
239,1페이지,댄디,훈훈 남친 룩,21.03.24,"조회 19,322","조회 19,322"
240,1페이지,캐주얼,지금 입기 좋아,21.08.31,"조회 20,193","조회 20,193"
241,1페이지,댄디,남친 룩으로 제격,21.12.24,"조회 9,630","조회 9,630"
242,1페이지,댄디,서머 데이트 룩,21.07.26,"조회 7,825","조회 7,825"
243,1페이지,포멀,깔끔하게 즐겨,21.11.09,"조회 6,293","조회 6,293"
244,1페이지,아메리칸 캐주얼,남다른 감각,21.11.17,"조회 4,317","조회 4,317"
245,1페이지,캐주얼,편안함의 완성,21.10.04,"조회 19,404","조회 19,404"
246,1페이지,캐주얼,원 마일 웨어,21.10.08,"조회 16,763","조회 16,763"
247,1페이지,아메리칸 캐주얼,아메리칸 캐주얼,21.12.21,"조회 4,475","조회 4,475"
248,1페이지,캐주얼,편하게 완성,21.07.21,"조회 14,956","조회 14,956"
249,1페이지,캐주얼,레이어드의 매력,21.06.04,"조회 12,655","조회 12,655"
250,1페이지,포멀,매력적인 포멀 룩,21.09.17,"조회 11,319","조회 11,319"
251,1페이지,댄디,레이어드의 매력,21.11.23,"조회 10,145","조회 10,145"
252,1페이지,캐주얼,발랄함 가득!,21.07.05,"조회 3,119","조회 3,119"
253,1페이지,캐주얼,톤온톤 코디,21.07.02,"조회 15,957","조회 15,957"
254,1페이지,캐주얼,블랙 매니아,21.02.23,"조회 34,631","조회 34,631"
255,1페이지,캐주얼,오늘의 코디,22.03.22,"조회 12,166","조회 12,166"
256,1페이지,댄디,추천 댄디 룩,21.09.15,"조회 20,158","조회 20,158"
257,1페이지,캐주얼,릴랙스 룩,21.02.23,"조회 23,511","조회 23,511"
258,1페이지,스트릿,힙하다 힙해,21.02.03,"조회 35,261","조회 35,261"
259,1페이지,캐주얼,심플한 코디,21.07.30,"조회 39,523","조회 39,523"
260,1페이지,댄디,데이트 코디,21.12.24,"조회 10,291","조회 10,291"
261,1페이지,댄디,훈훈 남친 룩,21.03.24,"조회 19,322","조회 19,322"
262,1페이지,캐주얼,지금 입기 좋아,21.08.31,"조회 20,193","조회 20,193"
263,1페이지,댄디,남친 룩으로 제격,21.12.24,"조회 9,630","조회 9,630"
264,1페이지,댄디,서머 데이트 룩,21.07.26,"조회 7,825","조회 7,825"
265,1페이지,포멀,깔끔하게 즐겨,21.11.09,"조회 6,293","조회 6,293"
266,1페이지,아메리칸 캐주얼,남다른 감각,21.11.17,"조회 4,317","조회 4,317"
267,1페이지,캐주얼,편안함의 완성,21.10.04,"조회 19,404","조회 19,404"
268,1페이지,캐주얼,원 마일 웨어,21.10.08,"조회 16,763","조회 16,763"
269,1페이지,아메리칸 캐주얼,아메리칸 캐주얼,21.12.21,"조회 4,475","조회 4,475"
270,1페이지,캐주얼,편하게 완성,21.07.21,"조회 14,956","조회 14,956"
271,1페이지,캐주얼,레이어드의 매력,21.06.04,"조회 12,655","조회 12,655"
272,1페이지,포멀,매력적인 포멀 룩,21.09.17,"조회 11,319","조회 11,319"
273,1페이지,댄디,레이어드의 매력,21.11.23,"조회 10,145","조회 10,145"
274,1페이지,캐주얼,발랄함 가득!,21.07.05,"조회 3,119","조회 3,119"
275,1페이지,댄디,남친 룩의 정석,20.11.04,"조회 16,251","조회 16,251"
276,1페이지,캐주얼,톤온톤 코디,21.07.02,"조회 15,957","조회 15,957"
277,1페이지,캐주얼,블랙 매니아,21.02.23,"조회 34,631","조회 34,631"
278,1페이지,캐주얼,오늘의 코디,22.03.22,"조회 12,166","조회 12,166"
279,1페이지,댄디,추천 댄디 룩,21.09.15,"조회 20,158","조회 20,158"
280,1페이지,캐주얼,릴랙스 룩,21.02.23,"조회 23,511","조회 23,511"
281,1페이지,스트릿,힙하다 힙해,21.02.03,"조회 35,261","조회 35,261"
282,1페이지,캐주얼,심플한 코디,21.07.30,"조회 39,523","조회 39,523"
283,1페이지,댄디,데이트 코디,21.12.24,"조회 10,291","조회 10,291"
284,1페이지,댄디,훈훈 남친 룩,21.03.24,"조회 19,322","조회 19,322"
285,1페이지,캐주얼,지금 입기 좋아,21.08.31,"조회 20,193","조회 20,193"
286,1페이지,댄디,남친 룩으로 제격,21.12.24,"조회 9,630","조회 9,630"
287,1페이지,댄디,서머 데이트 룩,21.07.26,"조회 7,825","조회 7,825"
288,1페이지,포멀,깔끔하게 즐겨,21.11.09,"조회 6,293","조회 6,293"
289,1페이지,아메리칸 캐주얼,남다른 감각,21.11.17,"조회 4,317","조회 4,317"
290,1페이지,캐주얼,편안함의 완성,21.10.04,"조회 19,404","조회 19,404"
291,1페이지,캐주얼,원 마일 웨어,21.10.08,"조회 16,763","조회 16,763"
292,1페이지,아메리칸 캐주얼,아메리칸 캐주얼,21.12.21,"조회 4,475","조회 4,475"
293,1페이지,캐주얼,편하게 완성,21.07.21,"조회 14,956","조회 14,956"
294,1페이지,캐주얼,레이어드의 매력,21.06.04,"조회 12,655","조회 12,655"
295,1페이지,포멀,매력적인 포멀 룩,21.09.17,"조회 11,319","조회 11,319"
296,1페이지,댄디,레이어드의 매력,21.11.23,"조회 10,145","조회 10,145"
297,1페이지,캐주얼,발랄함 가득!,21.07.05,"조회 3,119","조회 3,119"
298,1페이지,댄디,남친 룩의 정석,20.11.04,"조회 16,251","조회 16,251"
299,1페이지,포멀,손색 없는 단정함,21.11.12,"조회 3,139","조회 3,139"
300,1페이지,캐주얼,톤온톤 코디,21.07.02,"조회 15,957","조회 15,957"
301,1페이지,캐주얼,블랙 매니아,21.02.23,"조회 34,631","조회 34,631"
302,1페이지,캐주얼,오늘의 코디,22.03.22,"조회 12,166","조회 12,166"
303,1페이지,댄디,추천 댄디 룩,21.09.15,"조회 20,158","조회 20,158"
304,1페이지,캐주얼,릴랙스 룩,21.02.23,"조회 23,511","조회 23,511"
305,1페이지,스트릿,힙하다 힙해,21.02.03,"조회 35,261","조회 35,261"
306,1페이지,캐주얼,심플한 코디,21.07.30,"조회 39,523","조회 39,523"
307,1페이지,댄디,데이트 코디,21.12.24,"조회 10,291","조회 10,291"
308,1페이지,댄디,훈훈 남친 룩,21.03.24,"조회 19,322","조회 19,322"
309,1페이지,캐주얼,지금 입기 좋아,21.08.31,"조회 20,193","조회 20,193"
310,1페이지,댄디,남친 룩으로 제격,21.12.24,"조회 9,630","조회 9,630"
311,1페이지,댄디,서머 데이트 룩,21.07.26,"조회 7,825","조회 7,825"
312,1페이지,포멀,깔끔하게 즐겨,21.11.09,"조회 6,293","조회 6,293"
313,1페이지,아메리칸 캐주얼,남다른 감각,21.11.17,"조회 4,317","조회 4,317"
314,1페이지,캐주얼,편안함의 완성,21.10.04,"조회 19,404","조회 19,404"
315,1페이지,캐주얼,원 마일 웨어,21.10.08,"조회 16,763","조회 16,763"
316,1페이지,아메리칸 캐주얼,아메리칸 캐주얼,21.12.21,"조회 4,475","조회 4,475"
317,1페이지,캐주얼,편하게 완성,21.07.21,"조회 14,956","조회 14,956"
318,1페이지,캐주얼,레이어드의 매력,21.06.04,"조회 12,655","조회 12,655"
319,1페이지,포멀,매력적인 포멀 룩,21.09.17,"조회 11,319","조회 11,319"
320,1페이지,댄디,레이어드의 매력,21.11.23,"조회 10,145","조회 10,145"
321,1페이지,캐주얼,발랄함 가득!,21.07.05,"조회 3,119","조회 3,119"
322,1페이지,댄디,남친 룩의 정석,20.11.04,"조회 16,251","조회 16,251"
323,1페이지,포멀,손색 없는 단정함,21.11.12,"조회 3,139","조회 3,139"
324,1페이지,시크,시크한 감각,21.08.20,"조회 3,696","조회 3,696"
325,1페이지,캐주얼,톤온톤 코디,21.07.02,"조회 15,957","조회 15,957"
326,1페이지,캐주얼,블랙 매니아,21.02.23,"조회 34,631","조회 34,631"
327,1페이지,캐주얼,오늘의 코디,22.03.22,"조회 12,166","조회 12,166"
328,1페이지,댄디,추천 댄디 룩,21.09.15,"조회 20,158","조회 20,158"
329,1페이지,캐주얼,릴랙스 룩,21.02.23,"조회 23,511","조회 23,511"
330,1페이지,스트릿,힙하다 힙해,21.02.03,"조회 35,261","조회 35,261"
331,1페이지,캐주얼,심플한 코디,21.07.30,"조회 39,523","조회 39,523"
332,1페이지,댄디,데이트 코디,21.12.24,"조회 10,291","조회 10,291"
333,1페이지,댄디,훈훈 남친 룩,21.03.24,"조회 19,322","조회 19,322"
334,1페이지,캐주얼,지금 입기 좋아,21.08.31,"조회 20,193","조회 20,193"
335,1페이지,댄디,남친 룩으로 제격,21.12.24,"조회 9,630","조회 9,630"
336,1페이지,댄디,서머 데이트 룩,21.07.26,"조회 7,825","조회 7,825"
337,1페이지,포멀,깔끔하게 즐겨,21.11.09,"조회 6,293","조회 6,293"
338,1페이지,아메리칸 캐주얼,남다른 감각,21.11.17,"조회 4,317","조회 4,317"
339,1페이지,캐주얼,편안함의 완성,21.10.04,"조회 19,404","조회 19,404"
340,1페이지,캐주얼,원 마일 웨어,21.10.08,"조회 16,763","조회 16,763"
341,1페이지,아메리칸 캐주얼,아메리칸 캐주얼,21.12.21,"조회 4,475","조회 4,475"
342,1페이지,캐주얼,편하게 완성,21.07.21,"조회 14,956","조회 14,956"
343,1페이지,캐주얼,레이어드의 매력,21.06.04,"조회 12,655","조회 12,655"
344,1페이지,포멀,매력적인 포멀 룩,21.09.17,"조회 11,319","조회 11,319"
345,1페이지,댄디,레이어드의 매력,21.11.23,"조회 10,145","조회 10,145"
346,1페이지,캐주얼,발랄함 가득!,21.07.05,"조회 3,119","조회 3,119"
347,1페이지,댄디,남친 룩의 정석,20.11.04,"조회 16,251","조회 16,251"
348,1페이지,포멀,손색 없는 단정함,21.11.12,"조회 3,139","조회 3,139"
349,1페이지,시크,시크한 감각,21.08.20,"조회 3,696","조회 3,696"
350,1페이지,캐주얼,서머 캠퍼스 룩,22.07.19,"조회 3,112","조회 3,112"
351,1페이지,캐주얼,톤온톤 코디,21.07.02,"조회 15,957","조회 15,957"
352,1페이지,캐주얼,블랙 매니아,21.02.23,"조회 34,631","조회 34,631"
353,1페이지,캐주얼,오늘의 코디,22.03.22,"조회 12,166","조회 12,166"
354,1페이지,댄디,추천 댄디 룩,21.09.15,"조회 20,158","조회 20,158"
355,1페이지,캐주얼,릴랙스 룩,21.02.23,"조회 23,511","조회 23,511"
356,1페이지,스트릿,힙하다 힙해,21.02.03,"조회 35,261","조회 35,261"
357,1페이지,캐주얼,심플한 코디,21.07.30,"조회 39,523","조회 39,523"
358,1페이지,댄디,데이트 코디,21.12.24,"조회 10,291","조회 10,291"
359,1페이지,댄디,훈훈 남친 룩,21.03.24,"조회 19,322","조회 19,322"
360,1페이지,캐주얼,지금 입기 좋아,21.08.31,"조회 20,193","조회 20,193"
361,1페이지,댄디,남친 룩으로 제격,21.12.24,"조회 9,630","조회 9,630"
362,1페이지,댄디,서머 데이트 룩,21.07.26,"조회 7,825","조회 7,825"
363,1페이지,포멀,깔끔하게 즐겨,21.11.09,"조회 6,293","조회 6,293"
364,1페이지,아메리칸 캐주얼,남다른 감각,21.11.17,"조회 4,317","조회 4,317"
365,1페이지,캐주얼,편안함의 완성,21.10.04,"조회 19,404","조회 19,404"
366,1페이지,캐주얼,원 마일 웨어,21.10.08,"조회 16,763","조회 16,763"
367,1페이지,아메리칸 캐주얼,아메리칸 캐주얼,21.12.21,"조회 4,475","조회 4,475"
368,1페이지,캐주얼,편하게 완성,21.07.21,"조회 14,956","조회 14,956"
369,1페이지,캐주얼,레이어드의 매력,21.06.04,"조회 12,655","조회 12,655"
370,1페이지,포멀,매력적인 포멀 룩,21.09.17,"조회 11,319","조회 11,319"
371,1페이지,댄디,레이어드의 매력,21.11.23,"조회 10,145","조회 10,145"
372,1페이지,캐주얼,발랄함 가득!,21.07.05,"조회 3,119","조회 3,119"
373,1페이지,댄디,남친 룩의 정석,20.11.04,"조회 16,251","조회 16,251"
374,1페이지,포멀,손색 없는 단정함,21.11.12,"조회 3,139","조회 3,139"
375,1페이지,시크,시크한 감각,21.08.20,"조회 3,696","조회 3,696"
376,1페이지,캐주얼,서머 캠퍼스 룩,22.07.19,"조회 3,112","조회 3,112"
377,1페이지,캐주얼,꾸안꾸 코디,22.11.04,"조회 3,856","조회 3,856"
378,1페이지,캐주얼,톤온톤 코디,21.07.02,"조회 15,957","조회 15,957"
379,1페이지,캐주얼,블랙 매니아,21.02.23,"조회 34,631","조회 34,631"
380,1페이지,캐주얼,오늘의 코디,22.03.22,"조회 12,166","조회 12,166"
381,1페이지,댄디,추천 댄디 룩,21.09.15,"조회 20,158","조회 20,158"
382,1페이지,캐주얼,릴랙스 룩,21.02.23,"조회 23,511","조회 23,511"
383,1페이지,스트릿,힙하다 힙해,21.02.03,"조회 35,261","조회 35,261"
384,1페이지,캐주얼,심플한 코디,21.07.30,"조회 39,523","조회 39,523"
385,1페이지,댄디,데이트 코디,21.12.24,"조회 10,291","조회 10,291"
386,1페이지,댄디,훈훈 남친 룩,21.03.24,"조회 19,322","조회 19,322"
387,1페이지,캐주얼,지금 입기 좋아,21.08.31,"조회 20,193","조회 20,193"
388,1페이지,댄디,남친 룩으로 제격,21.12.24,"조회 9,630","조회 9,630"
389,1페이지,댄디,서머 데이트 룩,21.07.26,"조회 7,825","조회 7,825"
390,1페이지,포멀,깔끔하게 즐겨,21.11.09,"조회 6,293","조회 6,293"
391,1페이지,아메리칸 캐주얼,남다른 감각,21.11.17,"조회 4,317","조회 4,317"
392,1페이지,캐주얼,편안함의 완성,21.10.04,"조회 19,404","조회 19,404"
393,1페이지,캐주얼,원 마일 웨어,21.10.08,"조회 16,763","조회 16,763"
394,1페이지,아메리칸 캐주얼,아메리칸 캐주얼,21.12.21,"조회 4,475","조회 4,475"
395,1페이지,캐주얼,편하게 완성,21.07.21,"조회 14,956","조회 14,956"
396,1페이지,캐주얼,레이어드의 매력,21.06.04,"조회 12,655","조회 12,655"
397,1페이지,포멀,매력적인 포멀 룩,21.09.17,"조회 11,319","조회 11,319"
398,1페이지,댄디,레이어드의 매력,21.11.23,"조회 10,145","조회 10,145"
399,1페이지,캐주얼,발랄함 가득!,21.07.05,"조회 3,119","조회 3,119"
400,1페이지,댄디,남친 룩의 정석,20.11.04,"조회 16,251","조회 16,251"
401,1페이지,포멀,손색 없는 단정함,21.11.12,"조회 3,139","조회 3,139"
402,1페이지,시크,시크한 감각,21.08.20,"조회 3,696","조회 3,696"
403,1페이지,캐주얼,서머 캠퍼스 룩,22.07.19,"조회 3,112","조회 3,112"
404,1페이지,캐주얼,꾸안꾸 코디,22.11.04,"조회 3,856","조회 3,856"
405,1페이지,포멀,깔끔한 매력,21.03.08,"조회 13,712","조회 13,712"
406,1페이지,캐주얼,톤온톤 코디,21.07.02,"조회 15,957","조회 15,957"
407,1페이지,캐주얼,블랙 매니아,21.02.23,"조회 34,631","조회 34,631"
408,1페이지,캐주얼,오늘의 코디,22.03.22,"조회 12,166","조회 12,166"
409,1페이지,댄디,추천 댄디 룩,21.09.15,"조회 20,158","조회 20,158"
410,1페이지,캐주얼,릴랙스 룩,21.02.23,"조회 23,511","조회 23,511"
411,1페이지,스트릿,힙하다 힙해,21.02.03,"조회 35,261","조회 35,261"
412,1페이지,캐주얼,심플한 코디,21.07.30,"조회 39,523","조회 39,523"
413,1페이지,댄디,데이트 코디,21.12.24,"조회 10,291","조회 10,291"
414,1페이지,댄디,훈훈 남친 룩,21.03.24,"조회 19,322","조회 19,322"
415,1페이지,캐주얼,지금 입기 좋아,21.08.31,"조회 20,193","조회 20,193"
416,1페이지,댄디,남친 룩으로 제격,21.12.24,"조회 9,630","조회 9,630"
417,1페이지,댄디,서머 데이트 룩,21.07.26,"조회 7,825","조회 7,825"
418,1페이지,포멀,깔끔하게 즐겨,21.11.09,"조회 6,293","조회 6,293"
419,1페이지,아메리칸 캐주얼,남다른 감각,21.11.17,"조회 4,317","조회 4,317"
420,1페이지,캐주얼,편안함의 완성,21.10.04,"조회 19,404","조회 19,404"
421,1페이지,캐주얼,원 마일 웨어,21.10.08,"조회 16,763","조회 16,763"
422,1페이지,아메리칸 캐주얼,아메리칸 캐주얼,21.12.21,"조회 4,475","조회 4,475"
423,1페이지,캐주얼,편하게 완성,21.07.21,"조회 14,956","조회 14,956"
424,1페이지,캐주얼,레이어드의 매력,21.06.04,"조회 12,655","조회 12,655"
425,1페이지,포멀,매력적인 포멀 룩,21.09.17,"조회 11,319","조회 11,319"
426,1페이지,댄디,레이어드의 매력,21.11.23,"조회 10,145","조회 10,145"
427,1페이지,캐주얼,발랄함 가득!,21.07.05,"조회 3,119","조회 3,119"
428,1페이지,댄디,남친 룩의 정석,20.11.04,"조회 16,251","조회 16,251"
429,1페이지,포멀,손색 없는 단정함,21.11.12,"조회 3,139","조회 3,139"
430,1페이지,시크,시크한 감각,21.08.20,"조회 3,696","조회 3,696"
431,1페이지,캐주얼,서머 캠퍼스 룩,22.07.19,"조회 3,112","조회 3,112"
432,1페이지,캐주얼,꾸안꾸 코디,22.11.04,"조회 3,856","조회 3,856"
433,1페이지,포멀,깔끔한 매력,21.03.08,"조회 13,712","조회 13,712"
434,1페이지,캐주얼,러블리 캐주얼,20.11.18,"조회 9,401","조회 9,401"
435,1페이지,캐주얼,톤온톤 코디,21.07.02,"조회 15,957","조회 15,957"
436,1페이지,캐주얼,블랙 매니아,21.02.23,"조회 34,631","조회 34,631"
437,1페이지,캐주얼,오늘의 코디,22.03.22,"조회 12,166","조회 12,166"
438,1페이지,댄디,추천 댄디 룩,21.09.15,"조회 20,158","조회 20,158"
439,1페이지,캐주얼,릴랙스 룩,21.02.23,"조회 23,511","조회 23,511"
440,1페이지,스트릿,힙하다 힙해,21.02.03,"조회 35,261","조회 35,261"
441,1페이지,캐주얼,심플한 코디,21.07.30,"조회 39,523","조회 39,523"
442,1페이지,댄디,데이트 코디,21.12.24,"조회 10,291","조회 10,291"
443,1페이지,댄디,훈훈 남친 룩,21.03.24,"조회 19,322","조회 19,322"
444,1페이지,캐주얼,지금 입기 좋아,21.08.31,"조회 20,193","조회 20,193"
445,1페이지,댄디,남친 룩으로 제격,21.12.24,"조회 9,630","조회 9,630"
446,1페이지,댄디,서머 데이트 룩,21.07.26,"조회 7,825","조회 7,825"
447,1페이지,포멀,깔끔하게 즐겨,21.11.09,"조회 6,293","조회 6,293"
448,1페이지,아메리칸 캐주얼,남다른 감각,21.11.17,"조회 4,317","조회 4,317"
449,1페이지,캐주얼,편안함의 완성,21.10.04,"조회 19,404","조회 19,404"
450,1페이지,캐주얼,원 마일 웨어,21.10.08,"조회 16,763","조회 16,763"
451,1페이지,아메리칸 캐주얼,아메리칸 캐주얼,21.12.21,"조회 4,475","조회 4,475"
452,1페이지,캐주얼,편하게 완성,21.07.21,"조회 14,956","조회 14,956"
453,1페이지,캐주얼,레이어드의 매력,21.06.04,"조회 12,655","조회 12,655"
454,1페이지,포멀,매력적인 포멀 룩,21.09.17,"조회 11,319","조회 11,319"
455,1페이지,댄디,레이어드의 매력,21.11.23,"조회 10,145","조회 10,145"
456,1페이지,캐주얼,발랄함 가득!,21.07.05,"조회 3,119","조회 3,119"
457,1페이지,댄디,남친 룩의 정석,20.11.04,"조회 16,251","조회 16,251"
458,1페이지,포멀,손색 없는 단정함,21.11.12,"조회 3,139","조회 3,139"
459,1페이지,시크,시크한 감각,21.08.20,"조회 3,696","조회 3,696"
460,1페이지,캐주얼,서머 캠퍼스 룩,22.07.19,"조회 3,112","조회 3,112"
461,1페이지,캐주얼,꾸안꾸 코디,22.11.04,"조회 3,856","조회 3,856"
462,1페이지,포멀,깔끔한 매력,21.03.08,"조회 13,712","조회 13,712"
463,1페이지,캐주얼,러블리 캐주얼,20.11.18,"조회 9,401","조회 9,401"
464,1페이지,캐주얼,캠퍼스 룩,21.07.12,"조회 7,324","조회 7,324"
465,1페이지,캐주얼,톤온톤 코디,21.07.02,"조회 15,957","조회 15,957"
466,1페이지,캐주얼,블랙 매니아,21.02.23,"조회 34,631","조회 34,631"
467,1페이지,캐주얼,오늘의 코디,22.03.22,"조회 12,166","조회 12,166"
468,1페이지,댄디,추천 댄디 룩,21.09.15,"조회 20,158","조회 20,158"
469,1페이지,캐주얼,릴랙스 룩,21.02.23,"조회 23,511","조회 23,511"
470,1페이지,스트릿,힙하다 힙해,21.02.03,"조회 35,261","조회 35,261"
471,1페이지,캐주얼,심플한 코디,21.07.30,"조회 39,523","조회 39,523"
472,1페이지,댄디,데이트 코디,21.12.24,"조회 10,291","조회 10,291"
473,1페이지,댄디,훈훈 남친 룩,21.03.24,"조회 19,322","조회 19,322"
474,1페이지,캐주얼,지금 입기 좋아,21.08.31,"조회 20,193","조회 20,193"
475,1페이지,댄디,남친 룩으로 제격,21.12.24,"조회 9,630","조회 9,630"
476,1페이지,댄디,서머 데이트 룩,21.07.26,"조회 7,825","조회 7,825"
477,1페이지,포멀,깔끔하게 즐겨,21.11.09,"조회 6,293","조회 6,293"
478,1페이지,아메리칸 캐주얼,남다른 감각,21.11.17,"조회 4,317","조회 4,317"
479,1페이지,캐주얼,편안함의 완성,21.10.04,"조회 19,404","조회 19,404"
480,1페이지,캐주얼,원 마일 웨어,21.10.08,"조회 16,763","조회 16,763"
481,1페이지,아메리칸 캐주얼,아메리칸 캐주얼,21.12.21,"조회 4,475","조회 4,475"
482,1페이지,캐주얼,편하게 완성,21.07.21,"조회 14,956","조회 14,956"
483,1페이지,캐주얼,레이어드의 매력,21.06.04,"조회 12,655","조회 12,655"
484,1페이지,포멀,매력적인 포멀 룩,21.09.17,"조회 11,319","조회 11,319"
485,1페이지,댄디,레이어드의 매력,21.11.23,"조회 10,145","조회 10,145"
486,1페이지,캐주얼,발랄함 가득!,21.07.05,"조회 3,119","조회 3,119"
487,1페이지,댄디,남친 룩의 정석,20.11.04,"조회 16,251","조회 16,251"
488,1페이지,포멀,손색 없는 단정함,21.11.12,"조회 3,139","조회 3,139"
489,1페이지,시크,시크한 감각,21.08.20,"조회 3,696","조회 3,696"
490,1페이지,캐주얼,서머 캠퍼스 룩,22.07.19,"조회 3,112","조회 3,112"
491,1페이지,캐주얼,꾸안꾸 코디,22.11.04,"조회 3,856","조회 3,856"
492,1페이지,포멀,깔끔한 매력,21.03.08,"조회 13,712","조회 13,712"
493,1페이지,캐주얼,러블리 캐주얼,20.11.18,"조회 9,401","조회 9,401"
494,1페이지,캐주얼,캠퍼스 룩,21.07.12,"조회 7,324","조회 7,324"
495,1페이지,캐주얼,오늘의 무드,21.12.06,"조회 6,944","조회 6,944"
496,1페이지,캐주얼,톤온톤 코디,21.07.02,"조회 15,957","조회 15,957"
497,1페이지,캐주얼,블랙 매니아,21.02.23,"조회 34,631","조회 34,631"
498,1페이지,캐주얼,오늘의 코디,22.03.22,"조회 12,166","조회 12,166"
499,1페이지,댄디,추천 댄디 룩,21.09.15,"조회 20,158","조회 20,158"
500,1페이지,캐주얼,릴랙스 룩,21.02.23,"조회 23,511","조회 23,511"
501,1페이지,스트릿,힙하다 힙해,21.02.03,"조회 35,261","조회 35,261"
502,1페이지,캐주얼,심플한 코디,21.07.30,"조회 39,523","조회 39,523"
503,1페이지,댄디,데이트 코디,21.12.24,"조회 10,291","조회 10,291"
504,1페이지,댄디,훈훈 남친 룩,21.03.24,"조회 19,322","조회 19,322"
505,1페이지,캐주얼,지금 입기 좋아,21.08.31,"조회 20,193","조회 20,193"
506,1페이지,댄디,남친 룩으로 제격,21.12.24,"조회 9,630","조회 9,630"
507,1페이지,댄디,서머 데이트 룩,21.07.26,"조회 7,825","조회 7,825"
508,1페이지,포멀,깔끔하게 즐겨,21.11.09,"조회 6,293","조회 6,293"
509,1페이지,아메리칸 캐주얼,남다른 감각,21.11.17,"조회 4,317","조회 4,317"
510,1페이지,캐주얼,편안함의 완성,21.10.04,"조회 19,404","조회 19,404"
511,1페이지,캐주얼,원 마일 웨어,21.10.08,"조회 16,763","조회 16,763"
512,1페이지,아메리칸 캐주얼,아메리칸 캐주얼,21.12.21,"조회 4,475","조회 4,475"
513,1페이지,캐주얼,편하게 완성,21.07.21,"조회 14,956","조회 14,956"
514,1페이지,캐주얼,레이어드의 매력,21.06.04,"조회 12,655","조회 12,655"
515,1페이지,포멀,매력적인 포멀 룩,21.09.17,"조회 11,319","조회 11,319"
516,1페이지,댄디,레이어드의 매력,21.11.23,"조회 10,145","조회 10,145"
517,1페이지,캐주얼,발랄함 가득!,21.07.05,"조회 3,119","조회 3,119"
518,1페이지,댄디,남친 룩의 정석,20.11.04,"조회 16,251","조회 16,251"
519,1페이지,포멀,손색 없는 단정함,21.11.12,"조회 3,139","조회 3,139"
520,1페이지,시크,시크한 감각,21.08.20,"조회 3,696","조회 3,696"
521,1페이지,캐주얼,서머 캠퍼스 룩,22.07.19,"조회 3,112","조회 3,112"
522,1페이지,캐주얼,꾸안꾸 코디,22.11.04,"조회 3,856","조회 3,856"
523,1페이지,포멀,깔끔한 매력,21.03.08,"조회 13,712","조회 13,712"
524,1페이지,캐주얼,러블리 캐주얼,20.11.18,"조회 9,401","조회 9,401"
525,1페이지,캐주얼,캠퍼스 룩,21.07.12,"조회 7,324","조회 7,324"
526,1페이지,캐주얼,오늘의 무드,21.12.06,"조회 6,944","조회 6,944"
527,1페이지,캐주얼,캐주얼 룩의 정석,20.11.06,"조회 16,135","조회 16,135"
528,1페이지,캐주얼,톤온톤 코디,21.07.02,"조회 15,957","조회 15,957"
529,1페이지,캐주얼,블랙 매니아,21.02.23,"조회 34,631","조회 34,631"
530,1페이지,캐주얼,오늘의 코디,22.03.22,"조회 12,166","조회 12,166"
531,1페이지,댄디,추천 댄디 룩,21.09.15,"조회 20,158","조회 20,158"
532,1페이지,캐주얼,릴랙스 룩,21.02.23,"조회 23,511","조회 23,511"
533,1페이지,스트릿,힙하다 힙해,21.02.03,"조회 35,261","조회 35,261"
534,1페이지,캐주얼,심플한 코디,21.07.30,"조회 39,523","조회 39,523"
535,1페이지,댄디,데이트 코디,21.12.24,"조회 10,291","조회 10,291"
536,1페이지,댄디,훈훈 남친 룩,21.03.24,"조회 19,322","조회 19,322"
537,1페이지,캐주얼,지금 입기 좋아,21.08.31,"조회 20,193","조회 20,193"
538,1페이지,댄디,남친 룩으로 제격,21.12.24,"조회 9,630","조회 9,630"
539,1페이지,댄디,서머 데이트 룩,21.07.26,"조회 7,825","조회 7,825"
540,1페이지,포멀,깔끔하게 즐겨,21.11.09,"조회 6,293","조회 6,293"
541,1페이지,아메리칸 캐주얼,남다른 감각,21.11.17,"조회 4,317","조회 4,317"
542,1페이지,캐주얼,편안함의 완성,21.10.04,"조회 19,404","조회 19,404"
543,1페이지,캐주얼,원 마일 웨어,21.10.08,"조회 16,763","조회 16,763"
544,1페이지,아메리칸 캐주얼,아메리칸 캐주얼,21.12.21,"조회 4,475","조회 4,475"
545,1페이지,캐주얼,편하게 완성,21.07.21,"조회 14,956","조회 14,956"
546,1페이지,캐주얼,레이어드의 매력,21.06.04,"조회 12,655","조회 12,655"
547,1페이지,포멀,매력적인 포멀 룩,21.09.17,"조회 11,319","조회 11,319"
548,1페이지,댄디,레이어드의 매력,21.11.23,"조회 10,145","조회 10,145"
549,1페이지,캐주얼,발랄함 가득!,21.07.05,"조회 3,119","조회 3,119"
550,1페이지,댄디,남친 룩의 정석,20.11.04,"조회 16,251","조회 16,251"
551,1페이지,포멀,손색 없는 단정함,21.11.12,"조회 3,139","조회 3,139"
552,1페이지,시크,시크한 감각,21.08.20,"조회 3,696","조회 3,696"
553,1페이지,캐주얼,서머 캠퍼스 룩,22.07.19,"조회 3,112","조회 3,112"
554,1페이지,캐주얼,꾸안꾸 코디,22.11.04,"조회 3,856","조회 3,856"
555,1페이지,포멀,깔끔한 매력,21.03.08,"조회 13,712","조회 13,712"
556,1페이지,캐주얼,러블리 캐주얼,20.11.18,"조회 9,401","조회 9,401"
557,1페이지,캐주얼,캠퍼스 룩,21.07.12,"조회 7,324","조회 7,324"
558,1페이지,캐주얼,오늘의 무드,21.12.06,"조회 6,944","조회 6,944"
559,1페이지,캐주얼,캐주얼 룩의 정석,20.11.06,"조회 16,135","조회 16,135"
560,1페이지,캐주얼,잘 고른 재킷,20.10.28,"조회 20,244","조회 20,244"
561,1페이지,캐주얼,톤온톤 코디,21.07.02,"조회 15,957","조회 15,957"
562,1페이지,캐주얼,블랙 매니아,21.02.23,"조회 34,631","조회 34,631"
563,1페이지,캐주얼,오늘의 코디,22.03.22,"조회 12,166","조회 12,166"
564,1페이지,댄디,추천 댄디 룩,21.09.15,"조회 20,158","조회 20,158"
565,1페이지,캐주얼,릴랙스 룩,21.02.23,"조회 23,511","조회 23,511"
566,1페이지,스트릿,힙하다 힙해,21.02.03,"조회 35,261","조회 35,261"
567,1페이지,캐주얼,심플한 코디,21.07.30,"조회 39,523","조회 39,523"
568,1페이지,댄디,데이트 코디,21.12.24,"조회 10,291","조회 10,291"
569,1페이지,댄디,훈훈 남친 룩,21.03.24,"조회 19,322","조회 19,322"
570,1페이지,캐주얼,지금 입기 좋아,21.08.31,"조회 20,193","조회 20,193"
571,1페이지,댄디,남친 룩으로 제격,21.12.24,"조회 9,630","조회 9,630"
572,1페이지,댄디,서머 데이트 룩,21.07.26,"조회 7,825","조회 7,825"
573,1페이지,포멀,깔끔하게 즐겨,21.11.09,"조회 6,293","조회 6,293"
574,1페이지,아메리칸 캐주얼,남다른 감각,21.11.17,"조회 4,317","조회 4,317"
575,1페이지,캐주얼,편안함의 완성,21.10.04,"조회 19,404","조회 19,404"
576,1페이지,캐주얼,원 마일 웨어,21.10.08,"조회 16,763","조회 16,763"
577,1페이지,아메리칸 캐주얼,아메리칸 캐주얼,21.12.21,"조회 4,475","조회 4,475"
578,1페이지,캐주얼,편하게 완성,21.07.21,"조회 14,956","조회 14,956"
579,1페이지,캐주얼,레이어드의 매력,21.06.04,"조회 12,655","조회 12,655"
580,1페이지,포멀,매력적인 포멀 룩,21.09.17,"조회 11,319","조회 11,319"
581,1페이지,댄디,레이어드의 매력,21.11.23,"조회 10,145","조회 10,145"
582,1페이지,캐주얼,발랄함 가득!,21.07.05,"조회 3,119","조회 3,119"
583,1페이지,댄디,남친 룩의 정석,20.11.04,"조회 16,251","조회 16,251"
584,1페이지,포멀,손색 없는 단정함,21.11.12,"조회 3,139","조회 3,139"
585,1페이지,시크,시크한 감각,21.08.20,"조회 3,696","조회 3,696"
586,1페이지,캐주얼,서머 캠퍼스 룩,22.07.19,"조회 3,112","조회 3,112"
587,1페이지,캐주얼,꾸안꾸 코디,22.11.04,"조회 3,856","조회 3,856"
588,1페이지,포멀,깔끔한 매력,21.03.08,"조회 13,712","조회 13,712"
589,1페이지,캐주얼,러블리 캐주얼,20.11.18,"조회 9,401","조회 9,401"
590,1페이지,캐주얼,캠퍼스 룩,21.07.12,"조회 7,324","조회 7,324"
591,1페이지,캐주얼,오늘의 무드,21.12.06,"조회 6,944","조회 6,944"
592,1페이지,캐주얼,캐주얼 룩의 정석,20.11.06,"조회 16,135","조회 16,135"
593,1페이지,캐주얼,잘 고른 재킷,20.10.28,"조회 20,244","조회 20,244"
594,1페이지,포멀,단정한 모습,21.11.26,"조회 5,634","조회 5,634"
595,1페이지,캐주얼,톤온톤 코디,21.07.02,"조회 15,957","조회 15,957"
596,1페이지,캐주얼,블랙 매니아,21.02.23,"조회 34,631","조회 34,631"
597,1페이지,캐주얼,오늘의 코디,22.03.22,"조회 12,166","조회 12,166"
598,1페이지,댄디,추천 댄디 룩,21.09.15,"조회 20,158","조회 20,158"
599,1페이지,캐주얼,릴랙스 룩,21.02.23,"조회 23,511","조회 23,511"
600,1페이지,스트릿,힙하다 힙해,21.02.03,"조회 35,261","조회 35,261"
601,1페이지,캐주얼,심플한 코디,21.07.30,"조회 39,523","조회 39,523"
602,1페이지,댄디,데이트 코디,21.12.24,"조회 10,291","조회 10,291"
603,1페이지,댄디,훈훈 남친 룩,21.03.24,"조회 19,322","조회 19,322"
604,1페이지,캐주얼,지금 입기 좋아,21.08.31,"조회 20,193","조회 20,193"
605,1페이지,댄디,남친 룩으로 제격,21.12.24,"조회 9,630","조회 9,630"
606,1페이지,댄디,서머 데이트 룩,21.07.26,"조회 7,825","조회 7,825"
607,1페이지,포멀,깔끔하게 즐겨,21.11.09,"조회 6,293","조회 6,293"
608,1페이지,아메리칸 캐주얼,남다른 감각,21.11.17,"조회 4,317","조회 4,317"
609,1페이지,캐주얼,편안함의 완성,21.10.04,"조회 19,404","조회 19,404"
610,1페이지,캐주얼,원 마일 웨어,21.10.08,"조회 16,763","조회 16,763"
611,1페이지,아메리칸 캐주얼,아메리칸 캐주얼,21.12.21,"조회 4,475","조회 4,475"
612,1페이지,캐주얼,편하게 완성,21.07.21,"조회 14,956","조회 14,956"
613,1페이지,캐주얼,레이어드의 매력,21.06.04,"조회 12,655","조회 12,655"
614,1페이지,포멀,매력적인 포멀 룩,21.09.17,"조회 11,319","조회 11,319"
615,1페이지,댄디,레이어드의 매력,21.11.23,"조회 10,145","조회 10,145"
616,1페이지,캐주얼,발랄함 가득!,21.07.05,"조회 3,119","조회 3,119"
617,1페이지,댄디,남친 룩의 정석,20.11.04,"조회 16,251","조회 16,251"
618,1페이지,포멀,손색 없는 단정함,21.11.12,"조회 3,139","조회 3,139"
619,1페이지,시크,시크한 감각,21.08.20,"조회 3,696","조회 3,696"
620,1페이지,캐주얼,서머 캠퍼스 룩,22.07.19,"조회 3,112","조회 3,112"
621,1페이지,캐주얼,꾸안꾸 코디,22.11.04,"조회 3,856","조회 3,856"
622,1페이지,포멀,깔끔한 매력,21.03.08,"조회 13,712","조회 13,712"
623,1페이지,캐주얼,러블리 캐주얼,20.11.18,"조회 9,401","조회 9,401"
624,1페이지,캐주얼,캠퍼스 룩,21.07.12,"조회 7,324","조회 7,324"
625,1페이지,캐주얼,오늘의 무드,21.12.06,"조회 6,944","조회 6,944"
626,1페이지,캐주얼,캐주얼 룩의 정석,20.11.06,"조회 16,135","조회 16,135"
627,1페이지,캐주얼,잘 고른 재킷,20.10.28,"조회 20,244","조회 20,244"
628,1페이지,포멀,단정한 모습,21.11.26,"조회 5,634","조회 5,634"
629,1페이지,댄디,훈훈한 스타일,21.12.29,"조회 3,497","조회 3,497"
630,1페이지,캐주얼,톤온톤 코디,21.07.02,"조회 15,957","조회 15,957"
631,1페이지,캐주얼,블랙 매니아,21.02.23,"조회 34,631","조회 34,631"
632,1페이지,캐주얼,오늘의 코디,22.03.22,"조회 12,166","조회 12,166"
633,1페이지,댄디,추천 댄디 룩,21.09.15,"조회 20,158","조회 20,158"
634,1페이지,캐주얼,릴랙스 룩,21.02.23,"조회 23,511","조회 23,511"
635,1페이지,스트릿,힙하다 힙해,21.02.03,"조회 35,261","조회 35,261"
636,1페이지,캐주얼,심플한 코디,21.07.30,"조회 39,523","조회 39,523"
637,1페이지,댄디,데이트 코디,21.12.24,"조회 10,291","조회 10,291"
638,1페이지,댄디,훈훈 남친 룩,21.03.24,"조회 19,322","조회 19,322"
639,1페이지,캐주얼,지금 입기 좋아,21.08.31,"조회 20,193","조회 20,193"
640,1페이지,댄디,남친 룩으로 제격,21.12.24,"조회 9,630","조회 9,630"
641,1페이지,댄디,서머 데이트 룩,21.07.26,"조회 7,825","조회 7,825"
642,1페이지,포멀,깔끔하게 즐겨,21.11.09,"조회 6,293","조회 6,293"
643,1페이지,아메리칸 캐주얼,남다른 감각,21.11.17,"조회 4,317","조회 4,317"
644,1페이지,캐주얼,편안함의 완성,21.10.04,"조회 19,404","조회 19,404"
645,1페이지,캐주얼,원 마일 웨어,21.10.08,"조회 16,763","조회 16,763"
646,1페이지,아메리칸 캐주얼,아메리칸 캐주얼,21.12.21,"조회 4,475","조회 4,475"
647,1페이지,캐주얼,편하게 완성,21.07.21,"조회 14,956","조회 14,956"
648,1페이지,캐주얼,레이어드의 매력,21.06.04,"조회 12,655","조회 12,655"
649,1페이지,포멀,매력적인 포멀 룩,21.09.17,"조회 11,319","조회 11,319"
650,1페이지,댄디,레이어드의 매력,21.11.23,"조회 10,145","조회 10,145"
651,1페이지,캐주얼,발랄함 가득!,21.07.05,"조회 3,119","조회 3,119"
652,1페이지,댄디,남친 룩의 정석,20.11.04,"조회 16,251","조회 16,251"
653,1페이지,포멀,손색 없는 단정함,21.11.12,"조회 3,139","조회 3,139"
654,1페이지,시크,시크한 감각,21.08.20,"조회 3,696","조회 3,696"
655,1페이지,캐주얼,서머 캠퍼스 룩,22.07.19,"조회 3,112","조회 3,112"
656,1페이지,캐주얼,꾸안꾸 코디,22.11.04,"조회 3,856","조회 3,856"
657,1페이지,포멀,깔끔한 매력,21.03.08,"조회 13,712","조회 13,712"
658,1페이지,캐주얼,러블리 캐주얼,20.11.18,"조회 9,401","조회 9,401"
659,1페이지,캐주얼,캠퍼스 룩,21.07.12,"조회 7,324","조회 7,324"
660,1페이지,캐주얼,오늘의 무드,21.12.06,"조회 6,944","조회 6,944"
661,1페이지,캐주얼,캐주얼 룩의 정석,20.11.06,"조회 16,135","조회 16,135"
662,1페이지,캐주얼,잘 고른 재킷,20.10.28,"조회 20,244","조회 20,244"
663,1페이지,포멀,단정한 모습,21.11.26,"조회 5,634","조회 5,634"
664,1페이지,댄디,훈훈한 스타일,21.12.29,"조회 3,497","조회 3,497"
665,1페이지,아메리칸 캐주얼,실패 없는 코디,21.06.11,"조회 8,250","조회 8,250"
666,1페이지,캐주얼,톤온톤 코디,21.07.02,"조회 15,957","조회 15,957"
667,1페이지,캐주얼,블랙 매니아,21.02.23,"조회 34,631","조회 34,631"
668,1페이지,캐주얼,오늘의 코디,22.03.22,"조회 12,166","조회 12,166"
669,1페이지,댄디,추천 댄디 룩,21.09.15,"조회 20,158","조회 20,158"
670,1페이지,캐주얼,릴랙스 룩,21.02.23,"조회 23,511","조회 23,511"
671,1페이지,스트릿,힙하다 힙해,21.02.03,"조회 35,261","조회 35,261"
672,1페이지,캐주얼,심플한 코디,21.07.30,"조회 39,523","조회 39,523"
673,1페이지,댄디,데이트 코디,21.12.24,"조회 10,291","조회 10,291"
674,1페이지,댄디,훈훈 남친 룩,21.03.24,"조회 19,322","조회 19,322"
675,1페이지,캐주얼,지금 입기 좋아,21.08.31,"조회 20,193","조회 20,193"
676,1페이지,댄디,남친 룩으로 제격,21.12.24,"조회 9,630","조회 9,630"
677,1페이지,댄디,서머 데이트 룩,21.07.26,"조회 7,825","조회 7,825"
678,1페이지,포멀,깔끔하게 즐겨,21.11.09,"조회 6,293","조회 6,293"
679,1페이지,아메리칸 캐주얼,남다른 감각,21.11.17,"조회 4,317","조회 4,317"
680,1페이지,캐주얼,편안함의 완성,21.10.04,"조회 19,404","조회 19,404"
681,1페이지,캐주얼,원 마일 웨어,21.10.08,"조회 16,763","조회 16,763"
682,1페이지,아메리칸 캐주얼,아메리칸 캐주얼,21.12.21,"조회 4,475","조회 4,475"
683,1페이지,캐주얼,편하게 완성,21.07.21,"조회 14,956","조회 14,956"
684,1페이지,캐주얼,레이어드의 매력,21.06.04,"조회 12,655","조회 12,655"
685,1페이지,포멀,매력적인 포멀 룩,21.09.17,"조회 11,319","조회 11,319"
686,1페이지,댄디,레이어드의 매력,21.11.23,"조회 10,145","조회 10,145"
687,1페이지,캐주얼,발랄함 가득!,21.07.05,"조회 3,119","조회 3,119"
688,1페이지,댄디,남친 룩의 정석,20.11.04,"조회 16,251","조회 16,251"
689,1페이지,포멀,손색 없는 단정함,21.11.12,"조회 3,139","조회 3,139"
690,1페이지,시크,시크한 감각,21.08.20,"조회 3,696","조회 3,696"
691,1페이지,캐주얼,서머 캠퍼스 룩,22.07.19,"조회 3,112","조회 3,112"
692,1페이지,캐주얼,꾸안꾸 코디,22.11.04,"조회 3,856","조회 3,856"
693,1페이지,포멀,깔끔한 매력,21.03.08,"조회 13,712","조회 13,712"
694,1페이지,캐주얼,러블리 캐주얼,20.11.18,"조회 9,401","조회 9,401"
695,1페이지,캐주얼,캠퍼스 룩,21.07.12,"조회 7,324","조회 7,324"
696,1페이지,캐주얼,오늘의 무드,21.12.06,"조회 6,944","조회 6,944"
697,1페이지,캐주얼,캐주얼 룩의 정석,20.11.06,"조회 16,135","조회 16,135"
698,1페이지,캐주얼,잘 고른 재킷,20.10.28,"조회 20,244","조회 20,244"
699,1페이지,포멀,단정한 모습,21.11.26,"조회 5,634","조회 5,634"
700,1페이지,댄디,훈훈한 스타일,21.12.29,"조회 3,497","조회 3,497"
701,1페이지,아메리칸 캐주얼,실패 없는 코디,21.06.11,"조회 8,250","조회 8,250"
702,1페이지,캐주얼,피크닉 가자!,21.08.20,"조회 2,677","조회 2,677"
703,1페이지,캐주얼,톤온톤 코디,21.07.02,"조회 15,957","조회 15,957"
704,1페이지,캐주얼,블랙 매니아,21.02.23,"조회 34,631","조회 34,631"
705,1페이지,캐주얼,오늘의 코디,22.03.22,"조회 12,166","조회 12,166"
706,1페이지,댄디,추천 댄디 룩,21.09.15,"조회 20,158","조회 20,158"
707,1페이지,캐주얼,릴랙스 룩,21.02.23,"조회 23,511","조회 23,511"
708,1페이지,스트릿,힙하다 힙해,21.02.03,"조회 35,261","조회 35,261"
709,1페이지,캐주얼,심플한 코디,21.07.30,"조회 39,523","조회 39,523"
710,1페이지,댄디,데이트 코디,21.12.24,"조회 10,291","조회 10,291"
711,1페이지,댄디,훈훈 남친 룩,21.03.24,"조회 19,322","조회 19,322"
712,1페이지,캐주얼,지금 입기 좋아,21.08.31,"조회 20,193","조회 20,193"
713,1페이지,댄디,남친 룩으로 제격,21.12.24,"조회 9,630","조회 9,630"
714,1페이지,댄디,서머 데이트 룩,21.07.26,"조회 7,825","조회 7,825"
715,1페이지,포멀,깔끔하게 즐겨,21.11.09,"조회 6,293","조회 6,293"
716,1페이지,아메리칸 캐주얼,남다른 감각,21.11.17,"조회 4,317","조회 4,317"
717,1페이지,캐주얼,편안함의 완성,21.10.04,"조회 19,404","조회 19,404"
718,1페이지,캐주얼,원 마일 웨어,21.10.08,"조회 16,763","조회 16,763"
719,1페이지,아메리칸 캐주얼,아메리칸 캐주얼,21.12.21,"조회 4,475","조회 4,475"
720,1페이지,캐주얼,편하게 완성,21.07.21,"조회 14,956","조회 14,956"
721,1페이지,캐주얼,레이어드의 매력,21.06.04,"조회 12,655","조회 12,655"
722,1페이지,포멀,매력적인 포멀 룩,21.09.17,"조회 11,319","조회 11,319"
723,1페이지,댄디,레이어드의 매력,21.11.23,"조회 10,145","조회 10,145"
724,1페이지,캐주얼,발랄함 가득!,21.07.05,"조회 3,119","조회 3,119"
725,1페이지,댄디,남친 룩의 정석,20.11.04,"조회 16,251","조회 16,251"
726,1페이지,포멀,손색 없는 단정함,21.11.12,"조회 3,139","조회 3,139"
727,1페이지,시크,시크한 감각,21.08.20,"조회 3,696","조회 3,696"
728,1페이지,캐주얼,서머 캠퍼스 룩,22.07.19,"조회 3,112","조회 3,112"
729,1페이지,캐주얼,꾸안꾸 코디,22.11.04,"조회 3,856","조회 3,856"
730,1페이지,포멀,깔끔한 매력,21.03.08,"조회 13,712","조회 13,712"
731,1페이지,캐주얼,러블리 캐주얼,20.11.18,"조회 9,401","조회 9,401"
732,1페이지,캐주얼,캠퍼스 룩,21.07.12,"조회 7,324","조회 7,324"
733,1페이지,캐주얼,오늘의 무드,21.12.06,"조회 6,944","조회 6,944"
734,1페이지,캐주얼,캐주얼 룩의 정석,20.11.06,"조회 16,135","조회 16,135"
735,1페이지,캐주얼,잘 고른 재킷,20.10.28,"조회 20,244","조회 20,244"
736,1페이지,포멀,단정한 모습,21.11.26,"조회 5,634","조회 5,634"
737,1페이지,댄디,훈훈한 스타일,21.12.29,"조회 3,497","조회 3,497"
738,1페이지,아메리칸 캐주얼,실패 없는 코디,21.06.11,"조회 8,250","조회 8,250"
739,1페이지,캐주얼,피크닉 가자!,21.08.20,"조회 2,677","조회 2,677"
740,1페이지,댄디,데이트하는 날,21.09.07,"조회 16,891","조회 16,891"
741,1페이지,캐주얼,톤온톤 코디,21.07.02,"조회 15,957","조회 15,957"
742,1페이지,캐주얼,블랙 매니아,21.02.23,"조회 34,631","조회 34,631"
743,1페이지,캐주얼,오늘의 코디,22.03.22,"조회 12,166","조회 12,166"
744,1페이지,댄디,추천 댄디 룩,21.09.15,"조회 20,158","조회 20,158"
745,1페이지,캐주얼,릴랙스 룩,21.02.23,"조회 23,511","조회 23,511"
746,1페이지,스트릿,힙하다 힙해,21.02.03,"조회 35,261","조회 35,261"
747,1페이지,캐주얼,심플한 코디,21.07.30,"조회 39,523","조회 39,523"
748,1페이지,댄디,데이트 코디,21.12.24,"조회 10,291","조회 10,291"
749,1페이지,댄디,훈훈 남친 룩,21.03.24,"조회 19,322","조회 19,322"
750,1페이지,캐주얼,지금 입기 좋아,21.08.31,"조회 20,193","조회 20,193"
751,1페이지,댄디,남친 룩으로 제격,21.12.24,"조회 9,630","조회 9,630"
752,1페이지,댄디,서머 데이트 룩,21.07.26,"조회 7,825","조회 7,825"
753,1페이지,포멀,깔끔하게 즐겨,21.11.09,"조회 6,293","조회 6,293"
754,1페이지,아메리칸 캐주얼,남다른 감각,21.11.17,"조회 4,317","조회 4,317"
755,1페이지,캐주얼,편안함의 완성,21.10.04,"조회 19,404","조회 19,404"
756,1페이지,캐주얼,원 마일 웨어,21.10.08,"조회 16,763","조회 16,763"
757,1페이지,아메리칸 캐주얼,아메리칸 캐주얼,21.12.21,"조회 4,475","조회 4,475"
758,1페이지,캐주얼,편하게 완성,21.07.21,"조회 14,956","조회 14,956"
759,1페이지,캐주얼,레이어드의 매력,21.06.04,"조회 12,655","조회 12,655"
760,1페이지,포멀,매력적인 포멀 룩,21.09.17,"조회 11,319","조회 11,319"
761,1페이지,댄디,레이어드의 매력,21.11.23,"조회 10,145","조회 10,145"
762,1페이지,캐주얼,발랄함 가득!,21.07.05,"조회 3,119","조회 3,119"
763,1페이지,댄디,남친 룩의 정석,20.11.04,"조회 16,251","조회 16,251"
764,1페이지,포멀,손색 없는 단정함,21.11.12,"조회 3,139","조회 3,139"
765,1페이지,시크,시크한 감각,21.08.20,"조회 3,696","조회 3,696"
766,1페이지,캐주얼,서머 캠퍼스 룩,22.07.19,"조회 3,112","조회 3,112"
767,1페이지,캐주얼,꾸안꾸 코디,22.11.04,"조회 3,856","조회 3,856"
768,1페이지,포멀,깔끔한 매력,21.03.08,"조회 13,712","조회 13,712"
769,1페이지,캐주얼,러블리 캐주얼,20.11.18,"조회 9,401","조회 9,401"
770,1페이지,캐주얼,캠퍼스 룩,21.07.12,"조회 7,324","조회 7,324"
771,1페이지,캐주얼,오늘의 무드,21.12.06,"조회 6,944","조회 6,944"
772,1페이지,캐주얼,캐주얼 룩의 정석,20.11.06,"조회 16,135","조회 16,135"
773,1페이지,캐주얼,잘 고른 재킷,20.10.28,"조회 20,244","조회 20,244"
774,1페이지,포멀,단정한 모습,21.11.26,"조회 5,634","조회 5,634"
775,1페이지,댄디,훈훈한 스타일,21.12.29,"조회 3,497","조회 3,497"
776,1페이지,아메리칸 캐주얼,실패 없는 코디,21.06.11,"조회 8,250","조회 8,250"
777,1페이지,캐주얼,피크닉 가자!,21.08.20,"조회 2,677","조회 2,677"
778,1페이지,댄디,데이트하는 날,21.09.07,"조회 16,891","조회 16,891"
779,1페이지,댄디,레더 스타일링,21.09.28,"조회 8,136","조회 8,136"
780,1페이지,캐주얼,톤온톤 코디,21.07.02,"조회 15,957","조회 15,957"
781,1페이지,캐주얼,블랙 매니아,21.02.23,"조회 34,631","조회 34,631"
782,1페이지,캐주얼,오늘의 코디,22.03.22,"조회 12,166","조회 12,166"
783,1페이지,댄디,추천 댄디 룩,21.09.15,"조회 20,158","조회 20,158"
784,1페이지,캐주얼,릴랙스 룩,21.02.23,"조회 23,511","조회 23,511"
785,1페이지,스트릿,힙하다 힙해,21.02.03,"조회 35,261","조회 35,261"
786,1페이지,캐주얼,심플한 코디,21.07.30,"조회 39,523","조회 39,523"
787,1페이지,댄디,데이트 코디,21.12.24,"조회 10,291","조회 10,291"
788,1페이지,댄디,훈훈 남친 룩,21.03.24,"조회 19,322","조회 19,322"
789,1페이지,캐주얼,지금 입기 좋아,21.08.31,"조회 20,193","조회 20,193"
790,1페이지,댄디,남친 룩으로 제격,21.12.24,"조회 9,630","조회 9,630"
791,1페이지,댄디,서머 데이트 룩,21.07.26,"조회 7,825","조회 7,825"
792,1페이지,포멀,깔끔하게 즐겨,21.11.09,"조회 6,293","조회 6,293"
793,1페이지,아메리칸 캐주얼,남다른 감각,21.11.17,"조회 4,317","조회 4,317"
794,1페이지,캐주얼,편안함의 완성,21.10.04,"조회 19,404","조회 19,404"
795,1페이지,캐주얼,원 마일 웨어,21.10.08,"조회 16,763","조회 16,763"
796,1페이지,아메리칸 캐주얼,아메리칸 캐주얼,21.12.21,"조회 4,475","조회 4,475"
797,1페이지,캐주얼,편하게 완성,21.07.21,"조회 14,956","조회 14,956"
798,1페이지,캐주얼,레이어드의 매력,21.06.04,"조회 12,655","조회 12,655"
799,1페이지,포멀,매력적인 포멀 룩,21.09.17,"조회 11,319","조회 11,319"
800,1페이지,댄디,레이어드의 매력,21.11.23,"조회 10,145","조회 10,145"
801,1페이지,캐주얼,발랄함 가득!,21.07.05,"조회 3,119","조회 3,119"
802,1페이지,댄디,남친 룩의 정석,20.11.04,"조회 16,251","조회 16,251"
803,1페이지,포멀,손색 없는 단정함,21.11.12,"조회 3,139","조회 3,139"
804,1페이지,시크,시크한 감각,21.08.20,"조회 3,696","조회 3,696"
805,1페이지,캐주얼,서머 캠퍼스 룩,22.07.19,"조회 3,112","조회 3,112"
806,1페이지,캐주얼,꾸안꾸 코디,22.11.04,"조회 3,856","조회 3,856"
807,1페이지,포멀,깔끔한 매력,21.03.08,"조회 13,712","조회 13,712"
808,1페이지,캐주얼,러블리 캐주얼,20.11.18,"조회 9,401","조회 9,401"
809,1페이지,캐주얼,캠퍼스 룩,21.07.12,"조회 7,324","조회 7,324"
810,1페이지,캐주얼,오늘의 무드,21.12.06,"조회 6,944","조회 6,944"
811,1페이지,캐주얼,캐주얼 룩의 정석,20.11.06,"조회 16,135","조회 16,135"
812,1페이지,캐주얼,잘 고른 재킷,20.10.28,"조회 20,244","조회 20,244"
813,1페이지,포멀,단정한 모습,21.11.26,"조회 5,634","조회 5,634"
814,1페이지,댄디,훈훈한 스타일,21.12.29,"조회 3,497","조회 3,497"
815,1페이지,아메리칸 캐주얼,실패 없는 코디,21.06.11,"조회 8,250","조회 8,250"
816,1페이지,캐주얼,피크닉 가자!,21.08.20,"조회 2,677","조회 2,677"
817,1페이지,댄디,데이트하는 날,21.09.07,"조회 16,891","조회 16,891"
818,1페이지,댄디,레더 스타일링,21.09.28,"조회 8,136","조회 8,136"
819,1페이지,아메리칸 캐주얼,센스 있는 아메카지,22.10.26,"조회 6,979","조회 6,979"
820,1페이지,캐주얼,톤온톤 코디,21.07.02,"조회 15,957","조회 15,957"
821,1페이지,캐주얼,블랙 매니아,21.02.23,"조회 34,631","조회 34,631"
822,1페이지,캐주얼,오늘의 코디,22.03.22,"조회 12,166","조회 12,166"
823,1페이지,댄디,추천 댄디 룩,21.09.15,"조회 20,158","조회 20,158"
824,1페이지,캐주얼,릴랙스 룩,21.02.23,"조회 23,511","조회 23,511"
825,1페이지,스트릿,힙하다 힙해,21.02.03,"조회 35,261","조회 35,261"
826,1페이지,캐주얼,심플한 코디,21.07.30,"조회 39,523","조회 39,523"
827,1페이지,댄디,데이트 코디,21.12.24,"조회 10,291","조회 10,291"
828,1페이지,댄디,훈훈 남친 룩,21.03.24,"조회 19,322","조회 19,322"
829,1페이지,캐주얼,지금 입기 좋아,21.08.31,"조회 20,193","조회 20,193"
830,1페이지,댄디,남친 룩으로 제격,21.12.24,"조회 9,630","조회 9,630"
831,1페이지,댄디,서머 데이트 룩,21.07.26,"조회 7,825","조회 7,825"
832,1페이지,포멀,깔끔하게 즐겨,21.11.09,"조회 6,293","조회 6,293"
833,1페이지,아메리칸 캐주얼,남다른 감각,21.11.17,"조회 4,317","조회 4,317"
834,1페이지,캐주얼,편안함의 완성,21.10.04,"조회 19,404","조회 19,404"
835,1페이지,캐주얼,원 마일 웨어,21.10.08,"조회 16,763","조회 16,763"
836,1페이지,아메리칸 캐주얼,아메리칸 캐주얼,21.12.21,"조회 4,475","조회 4,475"
837,1페이지,캐주얼,편하게 완성,21.07.21,"조회 14,956","조회 14,956"
838,1페이지,캐주얼,레이어드의 매력,21.06.04,"조회 12,655","조회 12,655"
839,1페이지,포멀,매력적인 포멀 룩,21.09.17,"조회 11,319","조회 11,319"
840,1페이지,댄디,레이어드의 매력,21.11.23,"조회 10,145","조회 10,145"
841,1페이지,캐주얼,발랄함 가득!,21.07.05,"조회 3,119","조회 3,119"
842,1페이지,댄디,남친 룩의 정석,20.11.04,"조회 16,251","조회 16,251"
843,1페이지,포멀,손색 없는 단정함,21.11.12,"조회 3,139","조회 3,139"
844,1페이지,시크,시크한 감각,21.08.20,"조회 3,696","조회 3,696"
845,1페이지,캐주얼,서머 캠퍼스 룩,22.07.19,"조회 3,112","조회 3,112"
846,1페이지,캐주얼,꾸안꾸 코디,22.11.04,"조회 3,856","조회 3,856"
847,1페이지,포멀,깔끔한 매력,21.03.08,"조회 13,712","조회 13,712"
848,1페이지,캐주얼,러블리 캐주얼,20.11.18,"조회 9,401","조회 9,401"
849,1페이지,캐주얼,캠퍼스 룩,21.07.12,"조회 7,324","조회 7,324"
850,1페이지,캐주얼,오늘의 무드,21.12.06,"조회 6,944","조회 6,944"
851,1페이지,캐주얼,캐주얼 룩의 정석,20.11.06,"조회 16,135","조회 16,135"
852,1페이지,캐주얼,잘 고른 재킷,20.10.28,"조회 20,244","조회 20,244"
853,1페이지,포멀,단정한 모습,21.11.26,"조회 5,634","조회 5,634"
854,1페이지,댄디,훈훈한 스타일,21.12.29,"조회 3,497","조회 3,497"
855,1페이지,아메리칸 캐주얼,실패 없는 코디,21.06.11,"조회 8,250","조회 8,250"
856,1페이지,캐주얼,피크닉 가자!,21.08.20,"조회 2,677","조회 2,677"
857,1페이지,댄디,데이트하는 날,21.09.07,"조회 16,891","조회 16,891"
858,1페이지,댄디,레더 스타일링,21.09.28,"조회 8,136","조회 8,136"
859,1페이지,아메리칸 캐주얼,센스 있는 아메카지,22.10.26,"조회 6,979","조회 6,979"
860,1페이지,캐주얼,귀여운 프레피 룩,21.06.04,"조회 12,122","조회 12,122"
861,1페이지,캐주얼,톤온톤 코디,21.07.02,"조회 15,957","조회 15,957"
862,1페이지,캐주얼,블랙 매니아,21.02.23,"조회 34,631","조회 34,631"
863,1페이지,캐주얼,오늘의 코디,22.03.22,"조회 12,166","조회 12,166"
864,1페이지,댄디,추천 댄디 룩,21.09.15,"조회 20,158","조회 20,158"
865,1페이지,캐주얼,릴랙스 룩,21.02.23,"조회 23,511","조회 23,511"
866,1페이지,스트릿,힙하다 힙해,21.02.03,"조회 35,261","조회 35,261"
867,1페이지,캐주얼,심플한 코디,21.07.30,"조회 39,523","조회 39,523"
868,1페이지,댄디,데이트 코디,21.12.24,"조회 10,291","조회 10,291"
869,1페이지,댄디,훈훈 남친 룩,21.03.24,"조회 19,322","조회 19,322"
870,1페이지,캐주얼,지금 입기 좋아,21.08.31,"조회 20,193","조회 20,193"
871,1페이지,댄디,남친 룩으로 제격,21.12.24,"조회 9,630","조회 9,630"
872,1페이지,댄디,서머 데이트 룩,21.07.26,"조회 7,825","조회 7,825"
873,1페이지,포멀,깔끔하게 즐겨,21.11.09,"조회 6,293","조회 6,293"
874,1페이지,아메리칸 캐주얼,남다른 감각,21.11.17,"조회 4,317","조회 4,317"
875,1페이지,캐주얼,편안함의 완성,21.10.04,"조회 19,404","조회 19,404"
876,1페이지,캐주얼,원 마일 웨어,21.10.08,"조회 16,763","조회 16,763"
877,1페이지,아메리칸 캐주얼,아메리칸 캐주얼,21.12.21,"조회 4,475","조회 4,475"
878,1페이지,캐주얼,편하게 완성,21.07.21,"조회 14,956","조회 14,956"
879,1페이지,캐주얼,레이어드의 매력,21.06.04,"조회 12,655","조회 12,655"
880,1페이지,포멀,매력적인 포멀 룩,21.09.17,"조회 11,319","조회 11,319"
881,1페이지,댄디,레이어드의 매력,21.11.23,"조회 10,145","조회 10,145"
882,1페이지,캐주얼,발랄함 가득!,21.07.05,"조회 3,119","조회 3,119"
883,1페이지,댄디,남친 룩의 정석,20.11.04,"조회 16,251","조회 16,251"
884,1페이지,포멀,손색 없는 단정함,21.11.12,"조회 3,139","조회 3,139"
885,1페이지,시크,시크한 감각,21.08.20,"조회 3,696","조회 3,696"
886,1페이지,캐주얼,서머 캠퍼스 룩,22.07.19,"조회 3,112","조회 3,112"
887,1페이지,캐주얼,꾸안꾸 코디,22.11.04,"조회 3,856","조회 3,856"
888,1페이지,포멀,깔끔한 매력,21.03.08,"조회 13,712","조회 13,712"
889,1페이지,캐주얼,러블리 캐주얼,20.11.18,"조회 9,401","조회 9,401"
890,1페이지,캐주얼,캠퍼스 룩,21.07.12,"조회 7,324","조회 7,324"
891,1페이지,캐주얼,오늘의 무드,21.12.06,"조회 6,944","조회 6,944"
892,1페이지,캐주얼,캐주얼 룩의 정석,20.11.06,"조회 16,135","조회 16,135"
893,1페이지,캐주얼,잘 고른 재킷,20.10.28,"조회 20,244","조회 20,244"
894,1페이지,포멀,단정한 모습,21.11.26,"조회 5,634","조회 5,634"
895,1페이지,댄디,훈훈한 스타일,21.12.29,"조회 3,497","조회 3,497"
896,1페이지,아메리칸 캐주얼,실패 없는 코디,21.06.11,"조회 8,250","조회 8,250"
897,1페이지,캐주얼,피크닉 가자!,21.08.20,"조회 2,677","조회 2,677"
898,1페이지,댄디,데이트하는 날,21.09.07,"조회 16,891","조회 16,891"
899,1페이지,댄디,레더 스타일링,21.09.28,"조회 8,136","조회 8,136"
900,1페이지,아메리칸 캐주얼,센스 있는 아메카지,22.10.26,"조회 6,979","조회 6,979"
901,1페이지,캐주얼,귀여운 프레피 룩,21.06.04,"조회 12,122","조회 12,122"
902,1페이지,캐주얼,남친 룩 추천,21.06.11,"조회 10,855","조회 10,855"
903,1페이지,캐주얼,톤온톤 코디,21.07.02,"조회 15,957","조회 15,957"
904,1페이지,캐주얼,블랙 매니아,21.02.23,"조회 34,631","조회 34,631"
905,1페이지,캐주얼,오늘의 코디,22.03.22,"조회 12,166","조회 12,166"
906,1페이지,댄디,추천 댄디 룩,21.09.15,"조회 20,158","조회 20,158"
907,1페이지,캐주얼,릴랙스 룩,21.02.23,"조회 23,511","조회 23,511"
908,1페이지,스트릿,힙하다 힙해,21.02.03,"조회 35,261","조회 35,261"
909,1페이지,캐주얼,심플한 코디,21.07.30,"조회 39,523","조회 39,523"
910,1페이지,댄디,데이트 코디,21.12.24,"조회 10,291","조회 10,291"
911,1페이지,댄디,훈훈 남친 룩,21.03.24,"조회 19,322","조회 19,322"
912,1페이지,캐주얼,지금 입기 좋아,21.08.31,"조회 20,193","조회 20,193"
913,1페이지,댄디,남친 룩으로 제격,21.12.24,"조회 9,630","조회 9,630"
914,1페이지,댄디,서머 데이트 룩,21.07.26,"조회 7,825","조회 7,825"
915,1페이지,포멀,깔끔하게 즐겨,21.11.09,"조회 6,293","조회 6,293"
916,1페이지,아메리칸 캐주얼,남다른 감각,21.11.17,"조회 4,317","조회 4,317"
917,1페이지,캐주얼,편안함의 완성,21.10.04,"조회 19,404","조회 19,404"
918,1페이지,캐주얼,원 마일 웨어,21.10.08,"조회 16,763","조회 16,763"
919,1페이지,아메리칸 캐주얼,아메리칸 캐주얼,21.12.21,"조회 4,475","조회 4,475"
920,1페이지,캐주얼,편하게 완성,21.07.21,"조회 14,956","조회 14,956"
921,1페이지,캐주얼,레이어드의 매력,21.06.04,"조회 12,655","조회 12,655"
922,1페이지,포멀,매력적인 포멀 룩,21.09.17,"조회 11,319","조회 11,319"
923,1페이지,댄디,레이어드의 매력,21.11.23,"조회 10,145","조회 10,145"
924,1페이지,캐주얼,발랄함 가득!,21.07.05,"조회 3,119","조회 3,119"
925,1페이지,댄디,남친 룩의 정석,20.11.04,"조회 16,251","조회 16,251"
926,1페이지,포멀,손색 없는 단정함,21.11.12,"조회 3,139","조회 3,139"
927,1페이지,시크,시크한 감각,21.08.20,"조회 3,696","조회 3,696"
928,1페이지,캐주얼,서머 캠퍼스 룩,22.07.19,"조회 3,112","조회 3,112"
929,1페이지,캐주얼,꾸안꾸 코디,22.11.04,"조회 3,856","조회 3,856"
930,1페이지,포멀,깔끔한 매력,21.03.08,"조회 13,712","조회 13,712"
931,1페이지,캐주얼,러블리 캐주얼,20.11.18,"조회 9,401","조회 9,401"
932,1페이지,캐주얼,캠퍼스 룩,21.07.12,"조회 7,324","조회 7,324"
933,1페이지,캐주얼,오늘의 무드,21.12.06,"조회 6,944","조회 6,944"
934,1페이지,캐주얼,캐주얼 룩의 정석,20.11.06,"조회 16,135","조회 16,135"
935,1페이지,캐주얼,잘 고른 재킷,20.10.28,"조회 20,244","조회 20,244"
936,1페이지,포멀,단정한 모습,21.11.26,"조회 5,634","조회 5,634"
937,1페이지,댄디,훈훈한 스타일,21.12.29,"조회 3,497","조회 3,497"
938,1페이지,아메리칸 캐주얼,실패 없는 코디,21.06.11,"조회 8,250","조회 8,250"
939,1페이지,캐주얼,피크닉 가자!,21.08.20,"조회 2,677","조회 2,677"
940,1페이지,댄디,데이트하는 날,21.09.07,"조회 16,891","조회 16,891"
941,1페이지,댄디,레더 스타일링,21.09.28,"조회 8,136","조회 8,136"
942,1페이지,아메리칸 캐주얼,센스 있는 아메카지,22.10.26,"조회 6,979","조회 6,979"
943,1페이지,캐주얼,귀여운 프레피 룩,21.06.04,"조회 12,122","조회 12,122"
944,1페이지,캐주얼,남친 룩 추천,21.06.11,"조회 10,855","조회 10,855"
945,1페이지,아메리칸 캐주얼,아메카지 무드,22.06.17,"조회 4,670","조회 4,670"
946,1페이지,캐주얼,톤온톤 코디,21.07.02,"조회 15,957","조회 15,957"
947,1페이지,캐주얼,블랙 매니아,21.02.23,"조회 34,631","조회 34,631"
948,1페이지,캐주얼,오늘의 코디,22.03.22,"조회 12,166","조회 12,166"
949,1페이지,댄디,추천 댄디 룩,21.09.15,"조회 20,158","조회 20,158"
950,1페이지,캐주얼,릴랙스 룩,21.02.23,"조회 23,511","조회 23,511"
951,1페이지,스트릿,힙하다 힙해,21.02.03,"조회 35,261","조회 35,261"
952,1페이지,캐주얼,심플한 코디,21.07.30,"조회 39,523","조회 39,523"
953,1페이지,댄디,데이트 코디,21.12.24,"조회 10,291","조회 10,291"
954,1페이지,댄디,훈훈 남친 룩,21.03.24,"조회 19,322","조회 19,322"
955,1페이지,캐주얼,지금 입기 좋아,21.08.31,"조회 20,193","조회 20,193"
956,1페이지,댄디,남친 룩으로 제격,21.12.24,"조회 9,630","조회 9,630"
957,1페이지,댄디,서머 데이트 룩,21.07.26,"조회 7,825","조회 7,825"
958,1페이지,포멀,깔끔하게 즐겨,21.11.09,"조회 6,293","조회 6,293"
959,1페이지,아메리칸 캐주얼,남다른 감각,21.11.17,"조회 4,317","조회 4,317"
960,1페이지,캐주얼,편안함의 완성,21.10.04,"조회 19,404","조회 19,404"
961,1페이지,캐주얼,원 마일 웨어,21.10.08,"조회 16,763","조회 16,763"
962,1페이지,아메리칸 캐주얼,아메리칸 캐주얼,21.12.21,"조회 4,475","조회 4,475"
963,1페이지,캐주얼,편하게 완성,21.07.21,"조회 14,956","조회 14,956"
964,1페이지,캐주얼,레이어드의 매력,21.06.04,"조회 12,655","조회 12,655"
965,1페이지,포멀,매력적인 포멀 룩,21.09.17,"조회 11,319","조회 11,319"
966,1페이지,댄디,레이어드의 매력,21.11.23,"조회 10,145","조회 10,145"
967,1페이지,캐주얼,발랄함 가득!,21.07.05,"조회 3,119","조회 3,119"
968,1페이지,댄디,남친 룩의 정석,20.11.04,"조회 16,251","조회 16,251"
969,1페이지,포멀,손색 없는 단정함,21.11.12,"조회 3,139","조회 3,139"
970,1페이지,시크,시크한 감각,21.08.20,"조회 3,696","조회 3,696"
971,1페이지,캐주얼,서머 캠퍼스 룩,22.07.19,"조회 3,112","조회 3,112"
972,1페이지,캐주얼,꾸안꾸 코디,22.11.04,"조회 3,856","조회 3,856"
973,1페이지,포멀,깔끔한 매력,21.03.08,"조회 13,712","조회 13,712"
974,1페이지,캐주얼,러블리 캐주얼,20.11.18,"조회 9,401","조회 9,401"
975,1페이지,캐주얼,캠퍼스 룩,21.07.12,"조회 7,324","조회 7,324"
976,1페이지,캐주얼,오늘의 무드,21.12.06,"조회 6,944","조회 6,944"
977,1페이지,캐주얼,캐주얼 룩의 정석,20.11.06,"조회 16,135","조회 16,135"
978,1페이지,캐주얼,잘 고른 재킷,20.10.28,"조회 20,244","조회 20,244"
979,1페이지,포멀,단정한 모습,21.11.26,"조회 5,634","조회 5,634"
980,1페이지,댄디,훈훈한 스타일,21.12.29,"조회 3,497","조회 3,497"
981,1페이지,아메리칸 캐주얼,실패 없는 코디,21.06.11,"조회 8,250","조회 8,250"
982,1페이지,캐주얼,피크닉 가자!,21.08.20,"조회 2,677","조회 2,677"
983,1페이지,댄디,데이트하는 날,21.09.07,"조회 16,891","조회 16,891"
984,1페이지,댄디,레더 스타일링,21.09.28,"조회 8,136","조회 8,136"
985,1페이지,아메리칸 캐주얼,센스 있는 아메카지,22.10.26,"조회 6,979","조회 6,979"
986,1페이지,캐주얼,귀여운 프레피 룩,21.06.04,"조회 12,122","조회 12,122"
987,1페이지,캐주얼,남친 룩 추천,21.06.11,"조회 10,855","조회 10,855"
988,1페이지,아메리칸 캐주얼,아메카지 무드,22.06.17,"조회 4,670","조회 4,670"
989,1페이지,로맨틱,레트로 스타일링,21.05.17,"조회 2,279","조회 2,279"
990,1페이지,캐주얼,톤온톤 코디,21.07.02,"조회 15,957","조회 15,957"
991,1페이지,캐주얼,블랙 매니아,21.02.23,"조회 34,631","조회 34,631"
992,1페이지,캐주얼,오늘의 코디,22.03.22,"조회 12,166","조회 12,166"
993,1페이지,댄디,추천 댄디 룩,21.09.15,"조회 20,158","조회 20,158"
994,1페이지,캐주얼,릴랙스 룩,21.02.23,"조회 23,511","조회 23,511"
995,1페이지,스트릿,힙하다 힙해,21.02.03,"조회 35,261","조회 35,261"
996,1페이지,캐주얼,심플한 코디,21.07.30,"조회 39,523","조회 39,523"
997,1페이지,댄디,데이트 코디,21.12.24,"조회 10,291","조회 10,291"
998,1페이지,댄디,훈훈 남친 룩,21.03.24,"조회 19,322","조회 19,322"
999,1페이지,캐주얼,지금 입기 좋아,21.08.31,"조회 20,193","조회 20,193"
1000,1페이지,댄디,남친 룩으로 제격,21.12.24,"조회 9,630","조회 9,630"
1001,1페이지,댄디,서머 데이트 룩,21.07.26,"조회 7,825","조회 7,825"
1002,1페이지,포멀,깔끔하게 즐겨,21.11.09,"조회 6,293","조회 6,293"
1003,1페이지,아메리칸 캐주얼,남다른 감각,21.11.17,"조회 4,317","조회 4,317"
1004,1페이지,캐주얼,편안함의 완성,21.10.04,"조회 19,404","조회 19,404"
1005,1페이지,캐주얼,원 마일 웨어,21.10.08,"조회 16,763","조회 16,763"
1006,1페이지,아메리칸 캐주얼,아메리칸 캐주얼,21.12.21,"조회 4,475","조회 4,475"
1007,1페이지,캐주얼,편하게 완성,21.07.21,"조회 14,956","조회 14,956"
1008,1페이지,캐주얼,레이어드의 매력,21.06.04,"조회 12,655","조회 12,655"
1009,1페이지,포멀,매력적인 포멀 룩,21.09.17,"조회 11,319","조회 11,319"
1010,1페이지,댄디,레이어드의 매력,21.11.23,"조회 10,145","조회 10,145"
1011,1페이지,캐주얼,발랄함 가득!,21.07.05,"조회 3,119","조회 3,119"
1012,1페이지,댄디,남친 룩의 정석,20.11.04,"조회 16,251","조회 16,251"
1013,1페이지,포멀,손색 없는 단정함,21.11.12,"조회 3,139","조회 3,139"
1014,1페이지,시크,시크한 감각,21.08.20,"조회 3,696","조회 3,696"
1015,1페이지,캐주얼,서머 캠퍼스 룩,22.07.19,"조회 3,112","조회 3,112"
1016,1페이지,캐주얼,꾸안꾸 코디,22.11.04,"조회 3,856","조회 3,856"
1017,1페이지,포멀,깔끔한 매력,21.03.08,"조회 13,712","조회 13,712"
1018,1페이지,캐주얼,러블리 캐주얼,20.11.18,"조회 9,401","조회 9,401"
1019,1페이지,캐주얼,캠퍼스 룩,21.07.12,"조회 7,324","조회 7,324"
1020,1페이지,캐주얼,오늘의 무드,21.12.06,"조회 6,944","조회 6,944"
1021,1페이지,캐주얼,캐주얼 룩의 정석,20.11.06,"조회 16,135","조회 16,135"
1022,1페이지,캐주얼,잘 고른 재킷,20.10.28,"조회 20,244","조회 20,244"
1023,1페이지,포멀,단정한 모습,21.11.26,"조회 5,634","조회 5,634"
1024,1페이지,댄디,훈훈한 스타일,21.12.29,"조회 3,497","조회 3,497"
1025,1페이지,아메리칸 캐주얼,실패 없는 코디,21.06.11,"조회 8,250","조회 8,250"
1026,1페이지,캐주얼,피크닉 가자!,21.08.20,"조회 2,677","조회 2,677"
1027,1페이지,댄디,데이트하는 날,21.09.07,"조회 16,891","조회 16,891"
1028,1페이지,댄디,레더 스타일링,21.09.28,"조회 8,136","조회 8,136"
1029,1페이지,아메리칸 캐주얼,센스 있는 아메카지,22.10.26,"조회 6,979","조회 6,979"
1030,1페이지,캐주얼,귀여운 프레피 룩,21.06.04,"조회 12,122","조회 12,122"
1031,1페이지,캐주얼,남친 룩 추천,21.06.11,"조회 10,855","조회 10,855"
1032,1페이지,아메리칸 캐주얼,아메카지 무드,22.06.17,"조회 4,670","조회 4,670"
1033,1페이지,로맨틱,레트로 스타일링,21.05.17,"조회 2,279","조회 2,279"
1034,1페이지,포멀,깔끔한 연출,21.11.10,"조회 3,557","조회 3,557"
1035,1페이지,캐주얼,톤온톤 코디,21.07.02,"조회 15,957","조회 15,957"
1036,1페이지,캐주얼,블랙 매니아,21.02.23,"조회 34,631","조회 34,631"
1037,1페이지,캐주얼,오늘의 코디,22.03.22,"조회 12,166","조회 12,166"
1038,1페이지,댄디,추천 댄디 룩,21.09.15,"조회 20,158","조회 20,158"
1039,1페이지,캐주얼,릴랙스 룩,21.02.23,"조회 23,511","조회 23,511"
1040,1페이지,스트릿,힙하다 힙해,21.02.03,"조회 35,261","조회 35,261"
1041,1페이지,캐주얼,심플한 코디,21.07.30,"조회 39,523","조회 39,523"
1042,1페이지,댄디,데이트 코디,21.12.24,"조회 10,291","조회 10,291"
1043,1페이지,댄디,훈훈 남친 룩,21.03.24,"조회 19,322","조회 19,322"
1044,1페이지,캐주얼,지금 입기 좋아,21.08.31,"조회 20,193","조회 20,193"
1045,1페이지,댄디,남친 룩으로 제격,21.12.24,"조회 9,630","조회 9,630"
1046,1페이지,댄디,서머 데이트 룩,21.07.26,"조회 7,825","조회 7,825"
1047,1페이지,포멀,깔끔하게 즐겨,21.11.09,"조회 6,293","조회 6,293"
1048,1페이지,아메리칸 캐주얼,남다른 감각,21.11.17,"조회 4,317","조회 4,317"
1049,1페이지,캐주얼,편안함의 완성,21.10.04,"조회 19,404","조회 19,404"
1050,1페이지,캐주얼,원 마일 웨어,21.10.08,"조회 16,763","조회 16,763"
1051,1페이지,아메리칸 캐주얼,아메리칸 캐주얼,21.12.21,"조회 4,475","조회 4,475"
1052,1페이지,캐주얼,편하게 완성,21.07.21,"조회 14,956","조회 14,956"
1053,1페이지,캐주얼,레이어드의 매력,21.06.04,"조회 12,655","조회 12,655"
1054,1페이지,포멀,매력적인 포멀 룩,21.09.17,"조회 11,319","조회 11,319"
1055,1페이지,댄디,레이어드의 매력,21.11.23,"조회 10,145","조회 10,145"
1056,1페이지,캐주얼,발랄함 가득!,21.07.05,"조회 3,119","조회 3,119"
1057,1페이지,댄디,남친 룩의 정석,20.11.04,"조회 16,251","조회 16,251"
1058,1페이지,포멀,손색 없는 단정함,21.11.12,"조회 3,139","조회 3,139"
1059,1페이지,시크,시크한 감각,21.08.20,"조회 3,696","조회 3,696"
1060,1페이지,캐주얼,서머 캠퍼스 룩,22.07.19,"조회 3,112","조회 3,112"
1061,1페이지,캐주얼,꾸안꾸 코디,22.11.04,"조회 3,856","조회 3,856"
1062,1페이지,포멀,깔끔한 매력,21.03.08,"조회 13,712","조회 13,712"
1063,1페이지,캐주얼,러블리 캐주얼,20.11.18,"조회 9,401","조회 9,401"
1064,1페이지,캐주얼,캠퍼스 룩,21.07.12,"조회 7,324","조회 7,324"
1065,1페이지,캐주얼,오늘의 무드,21.12.06,"조회 6,944","조회 6,944"
1066,1페이지,캐주얼,캐주얼 룩의 정석,20.11.06,"조회 16,135","조회 16,135"
1067,1페이지,캐주얼,잘 고른 재킷,20.10.28,"조회 20,244","조회 20,244"
1068,1페이지,포멀,단정한 모습,21.11.26,"조회 5,634","조회 5,634"
1069,1페이지,댄디,훈훈한 스타일,21.12.29,"조회 3,497","조회 3,497"
1070,1페이지,아메리칸 캐주얼,실패 없는 코디,21.06.11,"조회 8,250","조회 8,250"
1071,1페이지,캐주얼,피크닉 가자!,21.08.20,"조회 2,677","조회 2,677"
1072,1페이지,댄디,데이트하는 날,21.09.07,"조회 16,891","조회 16,891"
1073,1페이지,댄디,레더 스타일링,21.09.28,"조회 8,136","조회 8,136"
1074,1페이지,아메리칸 캐주얼,센스 있는 아메카지,22.10.26,"조회 6,979","조회 6,979"
1075,1페이지,캐주얼,귀여운 프레피 룩,21.06.04,"조회 12,122","조회 12,122"
1076,1페이지,캐주얼,남친 룩 추천,21.06.11,"조회 10,855","조회 10,855"
1077,1페이지,아메리칸 캐주얼,아메카지 무드,22.06.17,"조회 4,670","조회 4,670"
1078,1페이지,로맨틱,레트로 스타일링,21.05.17,"조회 2,279","조회 2,279"
1079,1페이지,포멀,깔끔한 연출,21.11.10,"조회 3,557","조회 3,557"
1080,1페이지,포멀,클래식한 실루엣,21.01.15,"조회 4,221","조회 4,221"
1081,1페이지,캐주얼,톤온톤 코디,21.07.02,"조회 15,957","조회 15,957"
1082,1페이지,캐주얼,블랙 매니아,21.02.23,"조회 34,631","조회 34,631"
1083,1페이지,캐주얼,오늘의 코디,22.03.22,"조회 12,166","조회 12,166"
1084,1페이지,댄디,추천 댄디 룩,21.09.15,"조회 20,158","조회 20,158"
1085,1페이지,캐주얼,릴랙스 룩,21.02.23,"조회 23,511","조회 23,511"
1086,1페이지,스트릿,힙하다 힙해,21.02.03,"조회 35,261","조회 35,261"
1087,1페이지,캐주얼,심플한 코디,21.07.30,"조회 39,523","조회 39,523"
1088,1페이지,댄디,데이트 코디,21.12.24,"조회 10,291","조회 10,291"
1089,1페이지,댄디,훈훈 남친 룩,21.03.24,"조회 19,322","조회 19,322"
1090,1페이지,캐주얼,지금 입기 좋아,21.08.31,"조회 20,193","조회 20,193"
1091,1페이지,댄디,남친 룩으로 제격,21.12.24,"조회 9,630","조회 9,630"
1092,1페이지,댄디,서머 데이트 룩,21.07.26,"조회 7,825","조회 7,825"
1093,1페이지,포멀,깔끔하게 즐겨,21.11.09,"조회 6,293","조회 6,293"
1094,1페이지,아메리칸 캐주얼,남다른 감각,21.11.17,"조회 4,317","조회 4,317"
1095,1페이지,캐주얼,편안함의 완성,21.10.04,"조회 19,404","조회 19,404"
1096,1페이지,캐주얼,원 마일 웨어,21.10.08,"조회 16,763","조회 16,763"
1097,1페이지,아메리칸 캐주얼,아메리칸 캐주얼,21.12.21,"조회 4,475","조회 4,475"
1098,1페이지,캐주얼,편하게 완성,21.07.21,"조회 14,956","조회 14,956"
1099,1페이지,캐주얼,레이어드의 매력,21.06.04,"조회 12,655","조회 12,655"
1100,1페이지,포멀,매력적인 포멀 룩,21.09.17,"조회 11,319","조회 11,319"
1101,1페이지,댄디,레이어드의 매력,21.11.23,"조회 10,145","조회 10,145"
1102,1페이지,캐주얼,발랄함 가득!,21.07.05,"조회 3,119","조회 3,119"
1103,1페이지,댄디,남친 룩의 정석,20.11.04,"조회 16,251","조회 16,251"
1104,1페이지,포멀,손색 없는 단정함,21.11.12,"조회 3,139","조회 3,139"
1105,1페이지,시크,시크한 감각,21.08.20,"조회 3,696","조회 3,696"
1106,1페이지,캐주얼,서머 캠퍼스 룩,22.07.19,"조회 3,112","조회 3,112"
1107,1페이지,캐주얼,꾸안꾸 코디,22.11.04,"조회 3,856","조회 3,856"
1108,1페이지,포멀,깔끔한 매력,21.03.08,"조회 13,712","조회 13,712"
1109,1페이지,캐주얼,러블리 캐주얼,20.11.18,"조회 9,401","조회 9,401"
1110,1페이지,캐주얼,캠퍼스 룩,21.07.12,"조회 7,324","조회 7,324"
1111,1페이지,캐주얼,오늘의 무드,21.12.06,"조회 6,944","조회 6,944"
1112,1페이지,캐주얼,캐주얼 룩의 정석,20.11.06,"조회 16,135","조회 16,135"
1113,1페이지,캐주얼,잘 고른 재킷,20.10.28,"조회 20,244","조회 20,244"
1114,1페이지,포멀,단정한 모습,21.11.26,"조회 5,634","조회 5,634"
1115,1페이지,댄디,훈훈한 스타일,21.12.29,"조회 3,497","조회 3,497"
1116,1페이지,아메리칸 캐주얼,실패 없는 코디,21.06.11,"조회 8,250","조회 8,250"
1117,1페이지,캐주얼,피크닉 가자!,21.08.20,"조회 2,677","조회 2,677"
1118,1페이지,댄디,데이트하는 날,21.09.07,"조회 16,891","조회 16,891"
1119,1페이지,댄디,레더 스타일링,21.09.28,"조회 8,136","조회 8,136"
1120,1페이지,아메리칸 캐주얼,센스 있는 아메카지,22.10.26,"조회 6,979","조회 6,979"
1121,1페이지,캐주얼,귀여운 프레피 룩,21.06.04,"조회 12,122","조회 12,122"
1122,1페이지,캐주얼,남친 룩 추천,21.06.11,"조회 10,855","조회 10,855"
1123,1페이지,아메리칸 캐주얼,아메카지 무드,22.06.17,"조회 4,670","조회 4,670"
1124,1페이지,로맨틱,레트로 스타일링,21.05.17,"조회 2,279","조회 2,279"
1125,1페이지,포멀,깔끔한 연출,21.11.10,"조회 3,557","조회 3,557"
1126,1페이지,포멀,클래식한 실루엣,21.01.15,"조회 4,221","조회 4,221"
1127,1페이지,포멀,완벽한 스타일링,21.09.15,"조회 3,969","조회 3,969"
1128,1페이지,캐주얼,톤온톤 코디,21.07.02,"조회 15,957","조회 15,957"
1129,1페이지,캐주얼,블랙 매니아,21.02.23,"조회 34,631","조회 34,631"
1130,1페이지,캐주얼,오늘의 코디,22.03.22,"조회 12,166","조회 12,166"
1131,1페이지,댄디,추천 댄디 룩,21.09.15,"조회 20,158","조회 20,158"
1132,1페이지,캐주얼,릴랙스 룩,21.02.23,"조회 23,511","조회 23,511"
1133,1페이지,스트릿,힙하다 힙해,21.02.03,"조회 35,261","조회 35,261"
1134,1페이지,캐주얼,심플한 코디,21.07.30,"조회 39,523","조회 39,523"
1135,1페이지,댄디,데이트 코디,21.12.24,"조회 10,291","조회 10,291"
1136,1페이지,댄디,훈훈 남친 룩,21.03.24,"조회 19,322","조회 19,322"
1137,1페이지,캐주얼,지금 입기 좋아,21.08.31,"조회 20,193","조회 20,193"
1138,1페이지,댄디,남친 룩으로 제격,21.12.24,"조회 9,630","조회 9,630"
1139,1페이지,댄디,서머 데이트 룩,21.07.26,"조회 7,825","조회 7,825"
1140,1페이지,포멀,깔끔하게 즐겨,21.11.09,"조회 6,293","조회 6,293"
1141,1페이지,아메리칸 캐주얼,남다른 감각,21.11.17,"조회 4,317","조회 4,317"
1142,1페이지,캐주얼,편안함의 완성,21.10.04,"조회 19,404","조회 19,404"
1143,1페이지,캐주얼,원 마일 웨어,21.10.08,"조회 16,763","조회 16,763"
1144,1페이지,아메리칸 캐주얼,아메리칸 캐주얼,21.12.21,"조회 4,475","조회 4,475"
1145,1페이지,캐주얼,편하게 완성,21.07.21,"조회 14,956","조회 14,956"
1146,1페이지,캐주얼,레이어드의 매력,21.06.04,"조회 12,655","조회 12,655"
1147,1페이지,포멀,매력적인 포멀 룩,21.09.17,"조회 11,319","조회 11,319"
1148,1페이지,댄디,레이어드의 매력,21.11.23,"조회 10,145","조회 10,145"
1149,1페이지,캐주얼,발랄함 가득!,21.07.05,"조회 3,119","조회 3,119"
1150,1페이지,댄디,남친 룩의 정석,20.11.04,"조회 16,251","조회 16,251"
1151,1페이지,포멀,손색 없는 단정함,21.11.12,"조회 3,139","조회 3,139"
1152,1페이지,시크,시크한 감각,21.08.20,"조회 3,696","조회 3,696"
1153,1페이지,캐주얼,서머 캠퍼스 룩,22.07.19,"조회 3,112","조회 3,112"
1154,1페이지,캐주얼,꾸안꾸 코디,22.11.04,"조회 3,856","조회 3,856"
1155,1페이지,포멀,깔끔한 매력,21.03.08,"조회 13,712","조회 13,712"
1156,1페이지,캐주얼,러블리 캐주얼,20.11.18,"조회 9,401","조회 9,401"
1157,1페이지,캐주얼,캠퍼스 룩,21.07.12,"조회 7,324","조회 7,324"
1158,1페이지,캐주얼,오늘의 무드,21.12.06,"조회 6,944","조회 6,944"
1159,1페이지,캐주얼,캐주얼 룩의 정석,20.11.06,"조회 16,135","조회 16,135"
1160,1페이지,캐주얼,잘 고른 재킷,20.10.28,"조회 20,244","조회 20,244"
1161,1페이지,포멀,단정한 모습,21.11.26,"조회 5,634","조회 5,634"
1162,1페이지,댄디,훈훈한 스타일,21.12.29,"조회 3,497","조회 3,497"
1163,1페이지,아메리칸 캐주얼,실패 없는 코디,21.06.11,"조회 8,250","조회 8,250"
1164,1페이지,캐주얼,피크닉 가자!,21.08.20,"조회 2,677","조회 2,677"
1165,1페이지,댄디,데이트하는 날,21.09.07,"조회 16,891","조회 16,891"
1166,1페이지,댄디,레더 스타일링,21.09.28,"조회 8,136","조회 8,136"
1167,1페이지,아메리칸 캐주얼,센스 있는 아메카지,22.10.26,"조회 6,979","조회 6,979"
1168,1페이지,캐주얼,귀여운 프레피 룩,21.06.04,"조회 12,122","조회 12,122"
1169,1페이지,캐주얼,남친 룩 추천,21.06.11,"조회 10,855","조회 10,855"
1170,1페이지,아메리칸 캐주얼,아메카지 무드,22.06.17,"조회 4,670","조회 4,670"
1171,1페이지,로맨틱,레트로 스타일링,21.05.17,"조회 2,279","조회 2,279"
1172,1페이지,포멀,깔끔한 연출,21.11.10,"조회 3,557","조회 3,557"
1173,1페이지,포멀,클래식한 실루엣,21.01.15,"조회 4,221","조회 4,221"
1174,1페이지,포멀,완벽한 스타일링,21.09.15,"조회 3,969","조회 3,969"
1175,1페이지,캐주얼,멋 내는 방법,21.07.02,"조회 5,875","조회 5,875"
1176,1페이지,캐주얼,톤온톤 코디,21.07.02,"조회 15,957","조회 15,957"
1177,1페이지,캐주얼,블랙 매니아,21.02.23,"조회 34,631","조회 34,631"
1178,1페이지,캐주얼,오늘의 코디,22.03.22,"조회 12,166","조회 12,166"
1179,1페이지,댄디,추천 댄디 룩,21.09.15,"조회 20,158","조회 20,158"
1180,1페이지,캐주얼,릴랙스 룩,21.02.23,"조회 23,511","조회 23,511"
1181,1페이지,스트릿,힙하다 힙해,21.02.03,"조회 35,261","조회 35,261"
1182,1페이지,캐주얼,심플한 코디,21.07.30,"조회 39,523","조회 39,523"
1183,1페이지,댄디,데이트 코디,21.12.24,"조회 10,291","조회 10,291"
1184,1페이지,댄디,훈훈 남친 룩,21.03.24,"조회 19,322","조회 19,322"
1185,1페이지,캐주얼,지금 입기 좋아,21.08.31,"조회 20,193","조회 20,193"
1186,1페이지,댄디,남친 룩으로 제격,21.12.24,"조회 9,630","조회 9,630"
1187,1페이지,댄디,서머 데이트 룩,21.07.26,"조회 7,825","조회 7,825"
1188,1페이지,포멀,깔끔하게 즐겨,21.11.09,"조회 6,293","조회 6,293"
1189,1페이지,아메리칸 캐주얼,남다른 감각,21.11.17,"조회 4,317","조회 4,317"
1190,1페이지,캐주얼,편안함의 완성,21.10.04,"조회 19,404","조회 19,404"
1191,1페이지,캐주얼,원 마일 웨어,21.10.08,"조회 16,763","조회 16,763"
1192,1페이지,아메리칸 캐주얼,아메리칸 캐주얼,21.12.21,"조회 4,475","조회 4,475"
1193,1페이지,캐주얼,편하게 완성,21.07.21,"조회 14,956","조회 14,956"
1194,1페이지,캐주얼,레이어드의 매력,21.06.04,"조회 12,655","조회 12,655"
1195,1페이지,포멀,매력적인 포멀 룩,21.09.17,"조회 11,319","조회 11,319"
1196,1페이지,댄디,레이어드의 매력,21.11.23,"조회 10,145","조회 10,145"
1197,1페이지,캐주얼,발랄함 가득!,21.07.05,"조회 3,119","조회 3,119"
1198,1페이지,댄디,남친 룩의 정석,20.11.04,"조회 16,251","조회 16,251"
1199,1페이지,포멀,손색 없는 단정함,21.11.12,"조회 3,139","조회 3,139"
1200,1페이지,시크,시크한 감각,21.08.20,"조회 3,696","조회 3,696"
1201,1페이지,캐주얼,서머 캠퍼스 룩,22.07.19,"조회 3,112","조회 3,112"
1202,1페이지,캐주얼,꾸안꾸 코디,22.11.04,"조회 3,856","조회 3,856"
1203,1페이지,포멀,깔끔한 매력,21.03.08,"조회 13,712","조회 13,712"
1204,1페이지,캐주얼,러블리 캐주얼,20.11.18,"조회 9,401","조회 9,401"
1205,1페이지,캐주얼,캠퍼스 룩,21.07.12,"조회 7,324","조회 7,324"
1206,1페이지,캐주얼,오늘의 무드,21.12.06,"조회 6,944","조회 6,944"
1207,1페이지,캐주얼,캐주얼 룩의 정석,20.11.06,"조회 16,135","조회 16,135"
1208,1페이지,캐주얼,잘 고른 재킷,20.10.28,"조회 20,244","조회 20,244"
1209,1페이지,포멀,단정한 모습,21.11.26,"조회 5,634","조회 5,634"
1210,1페이지,댄디,훈훈한 스타일,21.12.29,"조회 3,497","조회 3,497"
1211,1페이지,아메리칸 캐주얼,실패 없는 코디,21.06.11,"조회 8,250","조회 8,250"
1212,1페이지,캐주얼,피크닉 가자!,21.08.20,"조회 2,677","조회 2,677"
1213,1페이지,댄디,데이트하는 날,21.09.07,"조회 16,891","조회 16,891"
1214,1페이지,댄디,레더 스타일링,21.09.28,"조회 8,136","조회 8,136"
1215,1페이지,아메리칸 캐주얼,센스 있는 아메카지,22.10.26,"조회 6,979","조회 6,979"
1216,1페이지,캐주얼,귀여운 프레피 룩,21.06.04,"조회 12,122","조회 12,122"
1217,1페이지,캐주얼,남친 룩 추천,21.06.11,"조회 10,855","조회 10,855"
1218,1페이지,아메리칸 캐주얼,아메카지 무드,22.06.17,"조회 4,670","조회 4,670"
1219,1페이지,로맨틱,레트로 스타일링,21.05.17,"조회 2,279","조회 2,279"
1220,1페이지,포멀,깔끔한 연출,21.11.10,"조회 3,557","조회 3,557"
1221,1페이지,포멀,클래식한 실루엣,21.01.15,"조회 4,221","조회 4,221"
1222,1페이지,포멀,완벽한 스타일링,21.09.15,"조회 3,969","조회 3,969"
1223,1페이지,캐주얼,멋 내는 방법,21.07.02,"조회 5,875","조회 5,875"
1224,1페이지,걸리시,귀여운 매치,21.05.17,"조회 1,900","조회 1,900"
1225,1페이지,캐주얼,톤온톤 코디,21.07.02,"조회 15,957","조회 15,957"
1226,1페이지,캐주얼,블랙 매니아,21.02.23,"조회 34,631","조회 34,631"
1227,1페이지,캐주얼,오늘의 코디,22.03.22,"조회 12,166","조회 12,166"
1228,1페이지,댄디,추천 댄디 룩,21.09.15,"조회 20,158","조회 20,158"
1229,1페이지,캐주얼,릴랙스 룩,21.02.23,"조회 23,511","조회 23,511"
1230,1페이지,스트릿,힙하다 힙해,21.02.03,"조회 35,261","조회 35,261"
1231,1페이지,캐주얼,심플한 코디,21.07.30,"조회 39,523","조회 39,523"
1232,1페이지,댄디,데이트 코디,21.12.24,"조회 10,291","조회 10,291"
1233,1페이지,댄디,훈훈 남친 룩,21.03.24,"조회 19,322","조회 19,322"
1234,1페이지,캐주얼,지금 입기 좋아,21.08.31,"조회 20,193","조회 20,193"
1235,1페이지,댄디,남친 룩으로 제격,21.12.24,"조회 9,630","조회 9,630"
1236,1페이지,댄디,서머 데이트 룩,21.07.26,"조회 7,825","조회 7,825"
1237,1페이지,포멀,깔끔하게 즐겨,21.11.09,"조회 6,293","조회 6,293"
1238,1페이지,아메리칸 캐주얼,남다른 감각,21.11.17,"조회 4,317","조회 4,317"
1239,1페이지,캐주얼,편안함의 완성,21.10.04,"조회 19,404","조회 19,404"
1240,1페이지,캐주얼,원 마일 웨어,21.10.08,"조회 16,763","조회 16,763"
1241,1페이지,아메리칸 캐주얼,아메리칸 캐주얼,21.12.21,"조회 4,475","조회 4,475"
1242,1페이지,캐주얼,편하게 완성,21.07.21,"조회 14,956","조회 14,956"
1243,1페이지,캐주얼,레이어드의 매력,21.06.04,"조회 12,655","조회 12,655"
1244,1페이지,포멀,매력적인 포멀 룩,21.09.17,"조회 11,319","조회 11,319"
1245,1페이지,댄디,레이어드의 매력,21.11.23,"조회 10,145","조회 10,145"
1246,1페이지,캐주얼,발랄함 가득!,21.07.05,"조회 3,119","조회 3,119"
1247,1페이지,댄디,남친 룩의 정석,20.11.04,"조회 16,251","조회 16,251"
1248,1페이지,포멀,손색 없는 단정함,21.11.12,"조회 3,139","조회 3,139"
1249,1페이지,시크,시크한 감각,21.08.20,"조회 3,696","조회 3,696"
1250,1페이지,캐주얼,서머 캠퍼스 룩,22.07.19,"조회 3,112","조회 3,112"
1251,1페이지,캐주얼,꾸안꾸 코디,22.11.04,"조회 3,856","조회 3,856"
1252,1페이지,포멀,깔끔한 매력,21.03.08,"조회 13,712","조회 13,712"
1253,1페이지,캐주얼,러블리 캐주얼,20.11.18,"조회 9,401","조회 9,401"
1254,1페이지,캐주얼,캠퍼스 룩,21.07.12,"조회 7,324","조회 7,324"
1255,1페이지,캐주얼,오늘의 무드,21.12.06,"조회 6,944","조회 6,944"
1256,1페이지,캐주얼,캐주얼 룩의 정석,20.11.06,"조회 16,135","조회 16,135"
1257,1페이지,캐주얼,잘 고른 재킷,20.10.28,"조회 20,244","조회 20,244"
1258,1페이지,포멀,단정한 모습,21.11.26,"조회 5,634","조회 5,634"
1259,1페이지,댄디,훈훈한 스타일,21.12.29,"조회 3,497","조회 3,497"
1260,1페이지,아메리칸 캐주얼,실패 없는 코디,21.06.11,"조회 8,250","조회 8,250"
1261,1페이지,캐주얼,피크닉 가자!,21.08.20,"조회 2,677","조회 2,677"
1262,1페이지,댄디,데이트하는 날,21.09.07,"조회 16,891","조회 16,891"
1263,1페이지,댄디,레더 스타일링,21.09.28,"조회 8,136","조회 8,136"
1264,1페이지,아메리칸 캐주얼,센스 있는 아메카지,22.10.26,"조회 6,979","조회 6,979"
1265,1페이지,캐주얼,귀여운 프레피 룩,21.06.04,"조회 12,122","조회 12,122"
1266,1페이지,캐주얼,남친 룩 추천,21.06.11,"조회 10,855","조회 10,855"
1267,1페이지,아메리칸 캐주얼,아메카지 무드,22.06.17,"조회 4,670","조회 4,670"
1268,1페이지,로맨틱,레트로 스타일링,21.05.17,"조회 2,279","조회 2,279"
1269,1페이지,포멀,깔끔한 연출,21.11.10,"조회 3,557","조회 3,557"
1270,1페이지,포멀,클래식한 실루엣,21.01.15,"조회 4,221","조회 4,221"
1271,1페이지,포멀,완벽한 스타일링,21.09.15,"조회 3,969","조회 3,969"
1272,1페이지,캐주얼,멋 내는 방법,21.07.02,"조회 5,875","조회 5,875"
1273,1페이지,걸리시,귀여운 매치,21.05.17,"조회 1,900","조회 1,900"
1274,1페이지,스트릿,스트릿 무드,21.09.06,"조회 4,269","조회 4,269"
1275,1페이지,캐주얼,톤온톤 코디,21.07.02,"조회 15,957","조회 15,957"
1276,1페이지,캐주얼,블랙 매니아,21.02.23,"조회 34,631","조회 34,631"
1277,1페이지,캐주얼,오늘의 코디,22.03.22,"조회 12,166","조회 12,166"
1278,1페이지,댄디,추천 댄디 룩,21.09.15,"조회 20,158","조회 20,158"
1279,1페이지,캐주얼,릴랙스 룩,21.02.23,"조회 23,511","조회 23,511"
1280,1페이지,스트릿,힙하다 힙해,21.02.03,"조회 35,261","조회 35,261"
1281,1페이지,캐주얼,심플한 코디,21.07.30,"조회 39,523","조회 39,523"
1282,1페이지,댄디,데이트 코디,21.12.24,"조회 10,291","조회 10,291"
1283,1페이지,댄디,훈훈 남친 룩,21.03.24,"조회 19,322","조회 19,322"
1284,1페이지,캐주얼,지금 입기 좋아,21.08.31,"조회 20,193","조회 20,193"
1285,1페이지,댄디,남친 룩으로 제격,21.12.24,"조회 9,630","조회 9,630"
1286,1페이지,댄디,서머 데이트 룩,21.07.26,"조회 7,825","조회 7,825"
1287,1페이지,포멀,깔끔하게 즐겨,21.11.09,"조회 6,293","조회 6,293"
1288,1페이지,아메리칸 캐주얼,남다른 감각,21.11.17,"조회 4,317","조회 4,317"
1289,1페이지,캐주얼,편안함의 완성,21.10.04,"조회 19,404","조회 19,404"
1290,1페이지,캐주얼,원 마일 웨어,21.10.08,"조회 16,763","조회 16,763"
1291,1페이지,아메리칸 캐주얼,아메리칸 캐주얼,21.12.21,"조회 4,475","조회 4,475"
1292,1페이지,캐주얼,편하게 완성,21.07.21,"조회 14,956","조회 14,956"
1293,1페이지,캐주얼,레이어드의 매력,21.06.04,"조회 12,655","조회 12,655"
1294,1페이지,포멀,매력적인 포멀 룩,21.09.17,"조회 11,319","조회 11,319"
1295,1페이지,댄디,레이어드의 매력,21.11.23,"조회 10,145","조회 10,145"
1296,1페이지,캐주얼,발랄함 가득!,21.07.05,"조회 3,119","조회 3,119"
1297,1페이지,댄디,남친 룩의 정석,20.11.04,"조회 16,251","조회 16,251"
1298,1페이지,포멀,손색 없는 단정함,21.11.12,"조회 3,139","조회 3,139"
1299,1페이지,시크,시크한 감각,21.08.20,"조회 3,696","조회 3,696"
1300,1페이지,캐주얼,서머 캠퍼스 룩,22.07.19,"조회 3,112","조회 3,112"
1301,1페이지,캐주얼,꾸안꾸 코디,22.11.04,"조회 3,856","조회 3,856"
1302,1페이지,포멀,깔끔한 매력,21.03.08,"조회 13,712","조회 13,712"
1303,1페이지,캐주얼,러블리 캐주얼,20.11.18,"조회 9,401","조회 9,401"
1304,1페이지,캐주얼,캠퍼스 룩,21.07.12,"조회 7,324","조회 7,324"
1305,1페이지,캐주얼,오늘의 무드,21.12.06,"조회 6,944","조회 6,944"
1306,1페이지,캐주얼,캐주얼 룩의 정석,20.11.06,"조회 16,135","조회 16,135"
1307,1페이지,캐주얼,잘 고른 재킷,20.10.28,"조회 20,244","조회 20,244"
1308,1페이지,포멀,단정한 모습,21.11.26,"조회 5,634","조회 5,634"
1309,1페이지,댄디,훈훈한 스타일,21.12.29,"조회 3,497","조회 3,497"
1310,1페이지,아메리칸 캐주얼,실패 없는 코디,21.06.11,"조회 8,250","조회 8,250"
1311,1페이지,캐주얼,피크닉 가자!,21.08.20,"조회 2,677","조회 2,677"
1312,1페이지,댄디,데이트하는 날,21.09.07,"조회 16,891","조회 16,891"
1313,1페이지,댄디,레더 스타일링,21.09.28,"조회 8,136","조회 8,136"
1314,1페이지,아메리칸 캐주얼,센스 있는 아메카지,22.10.26,"조회 6,979","조회 6,979"
1315,1페이지,캐주얼,귀여운 프레피 룩,21.06.04,"조회 12,122","조회 12,122"
1316,1페이지,캐주얼,남친 룩 추천,21.06.11,"조회 10,855","조회 10,855"
1317,1페이지,아메리칸 캐주얼,아메카지 무드,22.06.17,"조회 4,670","조회 4,670"
1318,1페이지,로맨틱,레트로 스타일링,21.05.17,"조회 2,279","조회 2,279"
1319,1페이지,포멀,깔끔한 연출,21.11.10,"조회 3,557","조회 3,557"
1320,1페이지,포멀,클래식한 실루엣,21.01.15,"조회 4,221","조회 4,221"
1321,1페이지,포멀,완벽한 스타일링,21.09.15,"조회 3,969","조회 3,969"
1322,1페이지,캐주얼,멋 내는 방법,21.07.02,"조회 5,875","조회 5,875"
1323,1페이지,걸리시,귀여운 매치,21.05.17,"조회 1,900","조회 1,900"
1324,1페이지,스트릿,스트릿 무드,21.09.06,"조회 4,269","조회 4,269"
1325,1페이지,캐주얼,캐주얼 룩의 정석,21.03.12,"조회 10,957","조회 10,957"
1326,1페이지,캐주얼,톤온톤 코디,21.07.02,"조회 15,957","조회 15,957"
1327,1페이지,캐주얼,블랙 매니아,21.02.23,"조회 34,631","조회 34,631"
1328,1페이지,캐주얼,오늘의 코디,22.03.22,"조회 12,166","조회 12,166"
1329,1페이지,댄디,추천 댄디 룩,21.09.15,"조회 20,158","조회 20,158"
1330,1페이지,캐주얼,릴랙스 룩,21.02.23,"조회 23,511","조회 23,511"
1331,1페이지,스트릿,힙하다 힙해,21.02.03,"조회 35,261","조회 35,261"
1332,1페이지,캐주얼,심플한 코디,21.07.30,"조회 39,523","조회 39,523"
1333,1페이지,댄디,데이트 코디,21.12.24,"조회 10,291","조회 10,291"
1334,1페이지,댄디,훈훈 남친 룩,21.03.24,"조회 19,322","조회 19,322"
1335,1페이지,캐주얼,지금 입기 좋아,21.08.31,"조회 20,193","조회 20,193"
1336,1페이지,댄디,남친 룩으로 제격,21.12.24,"조회 9,630","조회 9,630"
1337,1페이지,댄디,서머 데이트 룩,21.07.26,"조회 7,825","조회 7,825"
1338,1페이지,포멀,깔끔하게 즐겨,21.11.09,"조회 6,293","조회 6,293"
1339,1페이지,아메리칸 캐주얼,남다른 감각,21.11.17,"조회 4,317","조회 4,317"
1340,1페이지,캐주얼,편안함의 완성,21.10.04,"조회 19,404","조회 19,404"
1341,1페이지,캐주얼,원 마일 웨어,21.10.08,"조회 16,763","조회 16,763"
1342,1페이지,아메리칸 캐주얼,아메리칸 캐주얼,21.12.21,"조회 4,475","조회 4,475"
1343,1페이지,캐주얼,편하게 완성,21.07.21,"조회 14,956","조회 14,956"
1344,1페이지,캐주얼,레이어드의 매력,21.06.04,"조회 12,655","조회 12,655"
1345,1페이지,포멀,매력적인 포멀 룩,21.09.17,"조회 11,319","조회 11,319"
1346,1페이지,댄디,레이어드의 매력,21.11.23,"조회 10,145","조회 10,145"
1347,1페이지,캐주얼,발랄함 가득!,21.07.05,"조회 3,119","조회 3,119"
1348,1페이지,댄디,남친 룩의 정석,20.11.04,"조회 16,251","조회 16,251"
1349,1페이지,포멀,손색 없는 단정함,21.11.12,"조회 3,139","조회 3,139"
1350,1페이지,시크,시크한 감각,21.08.20,"조회 3,696","조회 3,696"
1351,1페이지,캐주얼,서머 캠퍼스 룩,22.07.19,"조회 3,112","조회 3,112"
1352,1페이지,캐주얼,꾸안꾸 코디,22.11.04,"조회 3,856","조회 3,856"
1353,1페이지,포멀,깔끔한 매력,21.03.08,"조회 13,712","조회 13,712"
1354,1페이지,캐주얼,러블리 캐주얼,20.11.18,"조회 9,401","조회 9,401"
1355,1페이지,캐주얼,캠퍼스 룩,21.07.12,"조회 7,324","조회 7,324"
1356,1페이지,캐주얼,오늘의 무드,21.12.06,"조회 6,944","조회 6,944"
1357,1페이지,캐주얼,캐주얼 룩의 정석,20.11.06,"조회 16,135","조회 16,135"
1358,1페이지,캐주얼,잘 고른 재킷,20.10.28,"조회 20,244","조회 20,244"
1359,1페이지,포멀,단정한 모습,21.11.26,"조회 5,634","조회 5,634"
1360,1페이지,댄디,훈훈한 스타일,21.12.29,"조회 3,497","조회 3,497"
1361,1페이지,아메리칸 캐주얼,실패 없는 코디,21.06.11,"조회 8,250","조회 8,250"
1362,1페이지,캐주얼,피크닉 가자!,21.08.20,"조회 2,677","조회 2,677"
1363,1페이지,댄디,데이트하는 날,21.09.07,"조회 16,891","조회 16,891"
1364,1페이지,댄디,레더 스타일링,21.09.28,"조회 8,136","조회 8,136"
1365,1페이지,아메리칸 캐주얼,센스 있는 아메카지,22.10.26,"조회 6,979","조회 6,979"
1366,1페이지,캐주얼,귀여운 프레피 룩,21.06.04,"조회 12,122","조회 12,122"
1367,1페이지,캐주얼,남친 룩 추천,21.06.11,"조회 10,855","조회 10,855"
1368,1페이지,아메리칸 캐주얼,아메카지 무드,22.06.17,"조회 4,670","조회 4,670"
1369,1페이지,로맨틱,레트로 스타일링,21.05.17,"조회 2,279","조회 2,279"
1370,1페이지,포멀,깔끔한 연출,21.11.10,"조회 3,557","조회 3,557"
1371,1페이지,포멀,클래식한 실루엣,21.01.15,"조회 4,221","조회 4,221"
1372,1페이지,포멀,완벽한 스타일링,21.09.15,"조회 3,969","조회 3,969"
1373,1페이지,캐주얼,멋 내는 방법,21.07.02,"조회 5,875","조회 5,875"
1374,1페이지,걸리시,귀여운 매치,21.05.17,"조회 1,900","조회 1,900"
1375,1페이지,스트릿,스트릿 무드,21.09.06,"조회 4,269","조회 4,269"
1376,1페이지,캐주얼,캐주얼 룩의 정석,21.03.12,"조회 10,957","조회 10,957"
1377,1페이지,스트릿,스트라이프 활용법,21.02.19,"조회 2,783","조회 2,783"
1378,1페이지,캐주얼,톤온톤 코디,21.07.02,"조회 15,957","조회 15,957"
1379,1페이지,캐주얼,블랙 매니아,21.02.23,"조회 34,631","조회 34,631"
1380,1페이지,캐주얼,오늘의 코디,22.03.22,"조회 12,166","조회 12,166"
1381,1페이지,댄디,추천 댄디 룩,21.09.15,"조회 20,158","조회 20,158"
1382,1페이지,캐주얼,릴랙스 룩,21.02.23,"조회 23,511","조회 23,511"
1383,1페이지,스트릿,힙하다 힙해,21.02.03,"조회 35,261","조회 35,261"
1384,1페이지,캐주얼,심플한 코디,21.07.30,"조회 39,523","조회 39,523"
1385,1페이지,댄디,데이트 코디,21.12.24,"조회 10,291","조회 10,291"
1386,1페이지,댄디,훈훈 남친 룩,21.03.24,"조회 19,322","조회 19,322"
1387,1페이지,캐주얼,지금 입기 좋아,21.08.31,"조회 20,193","조회 20,193"
1388,1페이지,댄디,남친 룩으로 제격,21.12.24,"조회 9,630","조회 9,630"
1389,1페이지,댄디,서머 데이트 룩,21.07.26,"조회 7,825","조회 7,825"
1390,1페이지,포멀,깔끔하게 즐겨,21.11.09,"조회 6,293","조회 6,293"
1391,1페이지,아메리칸 캐주얼,남다른 감각,21.11.17,"조회 4,317","조회 4,317"
1392,1페이지,캐주얼,편안함의 완성,21.10.04,"조회 19,404","조회 19,404"
1393,1페이지,캐주얼,원 마일 웨어,21.10.08,"조회 16,763","조회 16,763"
1394,1페이지,아메리칸 캐주얼,아메리칸 캐주얼,21.12.21,"조회 4,475","조회 4,475"
1395,1페이지,캐주얼,편하게 완성,21.07.21,"조회 14,956","조회 14,956"
1396,1페이지,캐주얼,레이어드의 매력,21.06.04,"조회 12,655","조회 12,655"
1397,1페이지,포멀,매력적인 포멀 룩,21.09.17,"조회 11,319","조회 11,319"
1398,1페이지,댄디,레이어드의 매력,21.11.23,"조회 10,145","조회 10,145"
1399,1페이지,캐주얼,발랄함 가득!,21.07.05,"조회 3,119","조회 3,119"
1400,1페이지,댄디,남친 룩의 정석,20.11.04,"조회 16,251","조회 16,251"
1401,1페이지,포멀,손색 없는 단정함,21.11.12,"조회 3,139","조회 3,139"
1402,1페이지,시크,시크한 감각,21.08.20,"조회 3,696","조회 3,696"
1403,1페이지,캐주얼,서머 캠퍼스 룩,22.07.19,"조회 3,112","조회 3,112"
1404,1페이지,캐주얼,꾸안꾸 코디,22.11.04,"조회 3,856","조회 3,856"
1405,1페이지,포멀,깔끔한 매력,21.03.08,"조회 13,712","조회 13,712"
1406,1페이지,캐주얼,러블리 캐주얼,20.11.18,"조회 9,401","조회 9,401"
1407,1페이지,캐주얼,캠퍼스 룩,21.07.12,"조회 7,324","조회 7,324"
1408,1페이지,캐주얼,오늘의 무드,21.12.06,"조회 6,944","조회 6,944"
1409,1페이지,캐주얼,캐주얼 룩의 정석,20.11.06,"조회 16,135","조회 16,135"
1410,1페이지,캐주얼,잘 고른 재킷,20.10.28,"조회 20,244","조회 20,244"
1411,1페이지,포멀,단정한 모습,21.11.26,"조회 5,634","조회 5,634"
1412,1페이지,댄디,훈훈한 스타일,21.12.29,"조회 3,497","조회 3,497"
1413,1페이지,아메리칸 캐주얼,실패 없는 코디,21.06.11,"조회 8,250","조회 8,250"
1414,1페이지,캐주얼,피크닉 가자!,21.08.20,"조회 2,677","조회 2,677"
1415,1페이지,댄디,데이트하는 날,21.09.07,"조회 16,891","조회 16,891"
1416,1페이지,댄디,레더 스타일링,21.09.28,"조회 8,136","조회 8,136"
1417,1페이지,아메리칸 캐주얼,센스 있는 아메카지,22.10.26,"조회 6,979","조회 6,979"
1418,1페이지,캐주얼,귀여운 프레피 룩,21.06.04,"조회 12,122","조회 12,122"
1419,1페이지,캐주얼,남친 룩 추천,21.06.11,"조회 10,855","조회 10,855"
1420,1페이지,아메리칸 캐주얼,아메카지 무드,22.06.17,"조회 4,670","조회 4,670"
1421,1페이지,로맨틱,레트로 스타일링,21.05.17,"조회 2,279","조회 2,279"
1422,1페이지,포멀,깔끔한 연출,21.11.10,"조회 3,557","조회 3,557"
1423,1페이지,포멀,클래식한 실루엣,21.01.15,"조회 4,221","조회 4,221"
1424,1페이지,포멀,완벽한 스타일링,21.09.15,"조회 3,969","조회 3,969"
1425,1페이지,캐주얼,멋 내는 방법,21.07.02,"조회 5,875","조회 5,875"
1426,1페이지,걸리시,귀여운 매치,21.05.17,"조회 1,900","조회 1,900"
1427,1페이지,스트릿,스트릿 무드,21.09.06,"조회 4,269","조회 4,269"
1428,1페이지,캐주얼,캐주얼 룩의 정석,21.03.12,"조회 10,957","조회 10,957"
1429,1페이지,스트릿,스트라이프 활용법,21.02.19,"조회 2,783","조회 2,783"
1430,1페이지,걸리시,누구나 반해,21.12.24,"조회 4,526","조회 4,526"
1431,1페이지,캐주얼,톤온톤 코디,21.07.02,"조회 15,957","조회 15,957"
1432,1페이지,캐주얼,블랙 매니아,21.02.23,"조회 34,631","조회 34,631"
1433,1페이지,캐주얼,오늘의 코디,22.03.22,"조회 12,166","조회 12,166"
1434,1페이지,댄디,추천 댄디 룩,21.09.15,"조회 20,158","조회 20,158"
1435,1페이지,캐주얼,릴랙스 룩,21.02.23,"조회 23,511","조회 23,511"
1436,1페이지,스트릿,힙하다 힙해,21.02.03,"조회 35,261","조회 35,261"
1437,1페이지,캐주얼,심플한 코디,21.07.30,"조회 39,523","조회 39,523"
1438,1페이지,댄디,데이트 코디,21.12.24,"조회 10,291","조회 10,291"
1439,1페이지,댄디,훈훈 남친 룩,21.03.24,"조회 19,322","조회 19,322"
1440,1페이지,캐주얼,지금 입기 좋아,21.08.31,"조회 20,193","조회 20,193"
1441,1페이지,댄디,남친 룩으로 제격,21.12.24,"조회 9,630","조회 9,630"
1442,1페이지,댄디,서머 데이트 룩,21.07.26,"조회 7,825","조회 7,825"
1443,1페이지,포멀,깔끔하게 즐겨,21.11.09,"조회 6,293","조회 6,293"
1444,1페이지,아메리칸 캐주얼,남다른 감각,21.11.17,"조회 4,317","조회 4,317"
1445,1페이지,캐주얼,편안함의 완성,21.10.04,"조회 19,404","조회 19,404"
1446,1페이지,캐주얼,원 마일 웨어,21.10.08,"조회 16,763","조회 16,763"
1447,1페이지,아메리칸 캐주얼,아메리칸 캐주얼,21.12.21,"조회 4,475","조회 4,475"
1448,1페이지,캐주얼,편하게 완성,21.07.21,"조회 14,956","조회 14,956"
1449,1페이지,캐주얼,레이어드의 매력,21.06.04,"조회 12,655","조회 12,655"
1450,1페이지,포멀,매력적인 포멀 룩,21.09.17,"조회 11,319","조회 11,319"
1451,1페이지,댄디,레이어드의 매력,21.11.23,"조회 10,145","조회 10,145"
1452,1페이지,캐주얼,발랄함 가득!,21.07.05,"조회 3,119","조회 3,119"
1453,1페이지,댄디,남친 룩의 정석,20.11.04,"조회 16,251","조회 16,251"
1454,1페이지,포멀,손색 없는 단정함,21.11.12,"조회 3,139","조회 3,139"
1455,1페이지,시크,시크한 감각,21.08.20,"조회 3,696","조회 3,696"
1456,1페이지,캐주얼,서머 캠퍼스 룩,22.07.19,"조회 3,112","조회 3,112"
1457,1페이지,캐주얼,꾸안꾸 코디,22.11.04,"조회 3,856","조회 3,856"
1458,1페이지,포멀,깔끔한 매력,21.03.08,"조회 13,712","조회 13,712"
1459,1페이지,캐주얼,러블리 캐주얼,20.11.18,"조회 9,401","조회 9,401"
1460,1페이지,캐주얼,캠퍼스 룩,21.07.12,"조회 7,324","조회 7,324"
1461,1페이지,캐주얼,오늘의 무드,21.12.06,"조회 6,944","조회 6,944"
1462,1페이지,캐주얼,캐주얼 룩의 정석,20.11.06,"조회 16,135","조회 16,135"
1463,1페이지,캐주얼,잘 고른 재킷,20.10.28,"조회 20,244","조회 20,244"
1464,1페이지,포멀,단정한 모습,21.11.26,"조회 5,634","조회 5,634"
1465,1페이지,댄디,훈훈한 스타일,21.12.29,"조회 3,497","조회 3,497"
1466,1페이지,아메리칸 캐주얼,실패 없는 코디,21.06.11,"조회 8,250","조회 8,250"
1467,1페이지,캐주얼,피크닉 가자!,21.08.20,"조회 2,677","조회 2,677"
1468,1페이지,댄디,데이트하는 날,21.09.07,"조회 16,891","조회 16,891"
1469,1페이지,댄디,레더 스타일링,21.09.28,"조회 8,136","조회 8,136"
1470,1페이지,아메리칸 캐주얼,센스 있는 아메카지,22.10.26,"조회 6,979","조회 6,979"
1471,1페이지,캐주얼,귀여운 프레피 룩,21.06.04,"조회 12,122","조회 12,122"
1472,1페이지,캐주얼,남친 룩 추천,21.06.11,"조회 10,855","조회 10,855"
1473,1페이지,아메리칸 캐주얼,아메카지 무드,22.06.17,"조회 4,670","조회 4,670"
1474,1페이지,로맨틱,레트로 스타일링,21.05.17,"조회 2,279","조회 2,279"
1475,1페이지,포멀,깔끔한 연출,21.11.10,"조회 3,557","조회 3,557"
1476,1페이지,포멀,클래식한 실루엣,21.01.15,"조회 4,221","조회 4,221"
1477,1페이지,포멀,완벽한 스타일링,21.09.15,"조회 3,969","조회 3,969"
1478,1페이지,캐주얼,멋 내는 방법,21.07.02,"조회 5,875","조회 5,875"
1479,1페이지,걸리시,귀여운 매치,21.05.17,"조회 1,900","조회 1,900"
1480,1페이지,스트릿,스트릿 무드,21.09.06,"조회 4,269","조회 4,269"
1481,1페이지,캐주얼,캐주얼 룩의 정석,21.03.12,"조회 10,957","조회 10,957"
1482,1페이지,스트릿,스트라이프 활용법,21.02.19,"조회 2,783","조회 2,783"
1483,1페이지,걸리시,누구나 반해,21.12.24,"조회 4,526","조회 4,526"
1484,1페이지,포멀,데이트 룩 완성!,21.02.08,"조회 10,439","조회 10,439"
1485,1페이지,캐주얼,톤온톤 코디,21.07.02,"조회 15,957","조회 15,957"
1486,1페이지,캐주얼,블랙 매니아,21.02.23,"조회 34,631","조회 34,631"
1487,1페이지,캐주얼,오늘의 코디,22.03.22,"조회 12,166","조회 12,166"
1488,1페이지,댄디,추천 댄디 룩,21.09.15,"조회 20,158","조회 20,158"
1489,1페이지,캐주얼,릴랙스 룩,21.02.23,"조회 23,511","조회 23,511"
1490,1페이지,스트릿,힙하다 힙해,21.02.03,"조회 35,261","조회 35,261"
1491,1페이지,캐주얼,심플한 코디,21.07.30,"조회 39,523","조회 39,523"
1492,1페이지,댄디,데이트 코디,21.12.24,"조회 10,291","조회 10,291"
1493,1페이지,댄디,훈훈 남친 룩,21.03.24,"조회 19,322","조회 19,322"
1494,1페이지,캐주얼,지금 입기 좋아,21.08.31,"조회 20,193","조회 20,193"
1495,1페이지,댄디,남친 룩으로 제격,21.12.24,"조회 9,630","조회 9,630"
1496,1페이지,댄디,서머 데이트 룩,21.07.26,"조회 7,825","조회 7,825"
1497,1페이지,포멀,깔끔하게 즐겨,21.11.09,"조회 6,293","조회 6,293"
1498,1페이지,아메리칸 캐주얼,남다른 감각,21.11.17,"조회 4,317","조회 4,317"
1499,1페이지,캐주얼,편안함의 완성,21.10.04,"조회 19,404","조회 19,404"
1500,1페이지,캐주얼,원 마일 웨어,21.10.08,"조회 16,763","조회 16,763"
1501,1페이지,아메리칸 캐주얼,아메리칸 캐주얼,21.12.21,"조회 4,475","조회 4,475"
1502,1페이지,캐주얼,편하게 완성,21.07.21,"조회 14,956","조회 14,956"
1503,1페이지,캐주얼,레이어드의 매력,21.06.04,"조회 12,655","조회 12,655"
1504,1페이지,포멀,매력적인 포멀 룩,21.09.17,"조회 11,319","조회 11,319"
1505,1페이지,댄디,레이어드의 매력,21.11.23,"조회 10,145","조회 10,145"
1506,1페이지,캐주얼,발랄함 가득!,21.07.05,"조회 3,119","조회 3,119"
1507,1페이지,댄디,남친 룩의 정석,20.11.04,"조회 16,251","조회 16,251"
1508,1페이지,포멀,손색 없는 단정함,21.11.12,"조회 3,139","조회 3,139"
1509,1페이지,시크,시크한 감각,21.08.20,"조회 3,696","조회 3,696"
1510,1페이지,캐주얼,서머 캠퍼스 룩,22.07.19,"조회 3,112","조회 3,112"
1511,1페이지,캐주얼,꾸안꾸 코디,22.11.04,"조회 3,856","조회 3,856"
1512,1페이지,포멀,깔끔한 매력,21.03.08,"조회 13,712","조회 13,712"
1513,1페이지,캐주얼,러블리 캐주얼,20.11.18,"조회 9,401","조회 9,401"
1514,1페이지,캐주얼,캠퍼스 룩,21.07.12,"조회 7,324","조회 7,324"
1515,1페이지,캐주얼,오늘의 무드,21.12.06,"조회 6,944","조회 6,944"
1516,1페이지,캐주얼,캐주얼 룩의 정석,20.11.06,"조회 16,135","조회 16,135"
1517,1페이지,캐주얼,잘 고른 재킷,20.10.28,"조회 20,244","조회 20,244"
1518,1페이지,포멀,단정한 모습,21.11.26,"조회 5,634","조회 5,634"
1519,1페이지,댄디,훈훈한 스타일,21.12.29,"조회 3,497","조회 3,497"
1520,1페이지,아메리칸 캐주얼,실패 없는 코디,21.06.11,"조회 8,250","조회 8,250"
1521,1페이지,캐주얼,피크닉 가자!,21.08.20,"조회 2,677","조회 2,677"
1522,1페이지,댄디,데이트하는 날,21.09.07,"조회 16,891","조회 16,891"
1523,1페이지,댄디,레더 스타일링,21.09.28,"조회 8,136","조회 8,136"
1524,1페이지,아메리칸 캐주얼,센스 있는 아메카지,22.10.26,"조회 6,979","조회 6,979"
1525,1페이지,캐주얼,귀여운 프레피 룩,21.06.04,"조회 12,122","조회 12,122"
1526,1페이지,캐주얼,남친 룩 추천,21.06.11,"조회 10,855","조회 10,855"
1527,1페이지,아메리칸 캐주얼,아메카지 무드,22.06.17,"조회 4,670","조회 4,670"
1528,1페이지,로맨틱,레트로 스타일링,21.05.17,"조회 2,279","조회 2,279"
1529,1페이지,포멀,깔끔한 연출,21.11.10,"조회 3,557","조회 3,557"
1530,1페이지,포멀,클래식한 실루엣,21.01.15,"조회 4,221","조회 4,221"
1531,1페이지,포멀,완벽한 스타일링,21.09.15,"조회 3,969","조회 3,969"
1532,1페이지,캐주얼,멋 내는 방법,21.07.02,"조회 5,875","조회 5,875"
1533,1페이지,걸리시,귀여운 매치,21.05.17,"조회 1,900","조회 1,900"
1534,1페이지,스트릿,스트릿 무드,21.09.06,"조회 4,269","조회 4,269"
1535,1페이지,캐주얼,캐주얼 룩의 정석,21.03.12,"조회 10,957","조회 10,957"
1536,1페이지,스트릿,스트라이프 활용법,21.02.19,"조회 2,783","조회 2,783"
1537,1페이지,걸리시,누구나 반해,21.12.24,"조회 4,526","조회 4,526"
1538,1페이지,포멀,데이트 룩 완성!,21.02.08,"조회 10,439","조회 10,439"
1539,1페이지,캐주얼,편하게 멋 내봐,21.09.08,"조회 11,382","조회 11,382"
1540,1페이지,캐주얼,톤온톤 코디,21.07.02,"조회 15,957","조회 15,957"
1541,1페이지,캐주얼,블랙 매니아,21.02.23,"조회 34,631","조회 34,631"
1542,1페이지,캐주얼,오늘의 코디,22.03.22,"조회 12,166","조회 12,166"
1543,1페이지,댄디,추천 댄디 룩,21.09.15,"조회 20,158","조회 20,158"
1544,1페이지,캐주얼,릴랙스 룩,21.02.23,"조회 23,511","조회 23,511"
1545,1페이지,스트릿,힙하다 힙해,21.02.03,"조회 35,261","조회 35,261"
1546,1페이지,캐주얼,심플한 코디,21.07.30,"조회 39,523","조회 39,523"
1547,1페이지,댄디,데이트 코디,21.12.24,"조회 10,291","조회 10,291"
1548,1페이지,댄디,훈훈 남친 룩,21.03.24,"조회 19,322","조회 19,322"
1549,1페이지,캐주얼,지금 입기 좋아,21.08.31,"조회 20,193","조회 20,193"
1550,1페이지,댄디,남친 룩으로 제격,21.12.24,"조회 9,630","조회 9,630"
1551,1페이지,댄디,서머 데이트 룩,21.07.26,"조회 7,825","조회 7,825"
1552,1페이지,포멀,깔끔하게 즐겨,21.11.09,"조회 6,293","조회 6,293"
1553,1페이지,아메리칸 캐주얼,남다른 감각,21.11.17,"조회 4,317","조회 4,317"
1554,1페이지,캐주얼,편안함의 완성,21.10.04,"조회 19,404","조회 19,404"
1555,1페이지,캐주얼,원 마일 웨어,21.10.08,"조회 16,763","조회 16,763"
1556,1페이지,아메리칸 캐주얼,아메리칸 캐주얼,21.12.21,"조회 4,475","조회 4,475"
1557,1페이지,캐주얼,편하게 완성,21.07.21,"조회 14,956","조회 14,956"
1558,1페이지,캐주얼,레이어드의 매력,21.06.04,"조회 12,655","조회 12,655"
1559,1페이지,포멀,매력적인 포멀 룩,21.09.17,"조회 11,319","조회 11,319"
1560,1페이지,댄디,레이어드의 매력,21.11.23,"조회 10,145","조회 10,145"
1561,1페이지,캐주얼,발랄함 가득!,21.07.05,"조회 3,119","조회 3,119"
1562,1페이지,댄디,남친 룩의 정석,20.11.04,"조회 16,251","조회 16,251"
1563,1페이지,포멀,손색 없는 단정함,21.11.12,"조회 3,139","조회 3,139"
1564,1페이지,시크,시크한 감각,21.08.20,"조회 3,696","조회 3,696"
1565,1페이지,캐주얼,서머 캠퍼스 룩,22.07.19,"조회 3,112","조회 3,112"
1566,1페이지,캐주얼,꾸안꾸 코디,22.11.04,"조회 3,856","조회 3,856"
1567,1페이지,포멀,깔끔한 매력,21.03.08,"조회 13,712","조회 13,712"
1568,1페이지,캐주얼,러블리 캐주얼,20.11.18,"조회 9,401","조회 9,401"
1569,1페이지,캐주얼,캠퍼스 룩,21.07.12,"조회 7,324","조회 7,324"
1570,1페이지,캐주얼,오늘의 무드,21.12.06,"조회 6,944","조회 6,944"
1571,1페이지,캐주얼,캐주얼 룩의 정석,20.11.06,"조회 16,135","조회 16,135"
1572,1페이지,캐주얼,잘 고른 재킷,20.10.28,"조회 20,244","조회 20,244"
1573,1페이지,포멀,단정한 모습,21.11.26,"조회 5,634","조회 5,634"
1574,1페이지,댄디,훈훈한 스타일,21.12.29,"조회 3,497","조회 3,497"
1575,1페이지,아메리칸 캐주얼,실패 없는 코디,21.06.11,"조회 8,250","조회 8,250"
1576,1페이지,캐주얼,피크닉 가자!,21.08.20,"조회 2,677","조회 2,677"
1577,1페이지,댄디,데이트하는 날,21.09.07,"조회 16,891","조회 16,891"
1578,1페이지,댄디,레더 스타일링,21.09.28,"조회 8,136","조회 8,136"
1579,1페이지,아메리칸 캐주얼,센스 있는 아메카지,22.10.26,"조회 6,979","조회 6,979"
1580,1페이지,캐주얼,귀여운 프레피 룩,21.06.04,"조회 12,122","조회 12,122"
1581,1페이지,캐주얼,남친 룩 추천,21.06.11,"조회 10,855","조회 10,855"
1582,1페이지,아메리칸 캐주얼,아메카지 무드,22.06.17,"조회 4,670","조회 4,670"
1583,1페이지,로맨틱,레트로 스타일링,21.05.17,"조회 2,279","조회 2,279"
1584,1페이지,포멀,깔끔한 연출,21.11.10,"조회 3,557","조회 3,557"
1585,1페이지,포멀,클래식한 실루엣,21.01.15,"조회 4,221","조회 4,221"
1586,1페이지,포멀,완벽한 스타일링,21.09.15,"조회 3,969","조회 3,969"
1587,1페이지,캐주얼,멋 내는 방법,21.07.02,"조회 5,875","조회 5,875"
1588,1페이지,걸리시,귀여운 매치,21.05.17,"조회 1,900","조회 1,900"
1589,1페이지,스트릿,스트릿 무드,21.09.06,"조회 4,269","조회 4,269"
1590,1페이지,캐주얼,캐주얼 룩의 정석,21.03.12,"조회 10,957","조회 10,957"
1591,1페이지,스트릿,스트라이프 활용법,21.02.19,"조회 2,783","조회 2,783"
1592,1페이지,걸리시,누구나 반해,21.12.24,"조회 4,526","조회 4,526"
1593,1페이지,포멀,데이트 룩 완성!,21.02.08,"조회 10,439","조회 10,439"
1594,1페이지,캐주얼,편하게 멋 내봐,21.09.08,"조회 11,382","조회 11,382"
1595,1페이지,댄디,레이어드 코디,21.06.10,"조회 2,551","조회 2,551"
1596,1페이지,캐주얼,톤온톤 코디,21.07.02,"조회 15,957","조회 15,957"
1597,1페이지,캐주얼,블랙 매니아,21.02.23,"조회 34,631","조회 34,631"
1598,1페이지,캐주얼,오늘의 코디,22.03.22,"조회 12,166","조회 12,166"
1599,1페이지,댄디,추천 댄디 룩,21.09.15,"조회 20,158","조회 20,158"
1600,1페이지,캐주얼,릴랙스 룩,21.02.23,"조회 23,511","조회 23,511"
1601,1페이지,스트릿,힙하다 힙해,21.02.03,"조회 35,261","조회 35,261"
1602,1페이지,캐주얼,심플한 코디,21.07.30,"조회 39,523","조회 39,523"
1603,1페이지,댄디,데이트 코디,21.12.24,"조회 10,291","조회 10,291"
1604,1페이지,댄디,훈훈 남친 룩,21.03.24,"조회 19,322","조회 19,322"
1605,1페이지,캐주얼,지금 입기 좋아,21.08.31,"조회 20,193","조회 20,193"
1606,1페이지,댄디,남친 룩으로 제격,21.12.24,"조회 9,630","조회 9,630"
1607,1페이지,댄디,서머 데이트 룩,21.07.26,"조회 7,825","조회 7,825"
1608,1페이지,포멀,깔끔하게 즐겨,21.11.09,"조회 6,293","조회 6,293"
1609,1페이지,아메리칸 캐주얼,남다른 감각,21.11.17,"조회 4,317","조회 4,317"
1610,1페이지,캐주얼,편안함의 완성,21.10.04,"조회 19,404","조회 19,404"
1611,1페이지,캐주얼,원 마일 웨어,21.10.08,"조회 16,763","조회 16,763"
1612,1페이지,아메리칸 캐주얼,아메리칸 캐주얼,21.12.21,"조회 4,475","조회 4,475"
1613,1페이지,캐주얼,편하게 완성,21.07.21,"조회 14,956","조회 14,956"
1614,1페이지,캐주얼,레이어드의 매력,21.06.04,"조회 12,655","조회 12,655"
1615,1페이지,포멀,매력적인 포멀 룩,21.09.17,"조회 11,319","조회 11,319"
1616,1페이지,댄디,레이어드의 매력,21.11.23,"조회 10,145","조회 10,145"
1617,1페이지,캐주얼,발랄함 가득!,21.07.05,"조회 3,119","조회 3,119"
1618,1페이지,댄디,남친 룩의 정석,20.11.04,"조회 16,251","조회 16,251"
1619,1페이지,포멀,손색 없는 단정함,21.11.12,"조회 3,139","조회 3,139"
1620,1페이지,시크,시크한 감각,21.08.20,"조회 3,696","조회 3,696"
1621,1페이지,캐주얼,서머 캠퍼스 룩,22.07.19,"조회 3,112","조회 3,112"
1622,1페이지,캐주얼,꾸안꾸 코디,22.11.04,"조회 3,856","조회 3,856"
1623,1페이지,포멀,깔끔한 매력,21.03.08,"조회 13,712","조회 13,712"
1624,1페이지,캐주얼,러블리 캐주얼,20.11.18,"조회 9,401","조회 9,401"
1625,1페이지,캐주얼,캠퍼스 룩,21.07.12,"조회 7,324","조회 7,324"
1626,1페이지,캐주얼,오늘의 무드,21.12.06,"조회 6,944","조회 6,944"
1627,1페이지,캐주얼,캐주얼 룩의 정석,20.11.06,"조회 16,135","조회 16,135"
1628,1페이지,캐주얼,잘 고른 재킷,20.10.28,"조회 20,244","조회 20,244"
1629,1페이지,포멀,단정한 모습,21.11.26,"조회 5,634","조회 5,634"
1630,1페이지,댄디,훈훈한 스타일,21.12.29,"조회 3,497","조회 3,497"
1631,1페이지,아메리칸 캐주얼,실패 없는 코디,21.06.11,"조회 8,250","조회 8,250"
1632,1페이지,캐주얼,피크닉 가자!,21.08.20,"조회 2,677","조회 2,677"
1633,1페이지,댄디,데이트하는 날,21.09.07,"조회 16,891","조회 16,891"
1634,1페이지,댄디,레더 스타일링,21.09.28,"조회 8,136","조회 8,136"
1635,1페이지,아메리칸 캐주얼,센스 있는 아메카지,22.10.26,"조회 6,979","조회 6,979"
1636,1페이지,캐주얼,귀여운 프레피 룩,21.06.04,"조회 12,122","조회 12,122"
1637,1페이지,캐주얼,남친 룩 추천,21.06.11,"조회 10,855","조회 10,855"
1638,1페이지,아메리칸 캐주얼,아메카지 무드,22.06.17,"조회 4,670","조회 4,670"
1639,1페이지,로맨틱,레트로 스타일링,21.05.17,"조회 2,279","조회 2,279"
1640,1페이지,포멀,깔끔한 연출,21.11.10,"조회 3,557","조회 3,557"
1641,1페이지,포멀,클래식한 실루엣,21.01.15,"조회 4,221","조회 4,221"
1642,1페이지,포멀,완벽한 스타일링,21.09.15,"조회 3,969","조회 3,969"
1643,1페이지,캐주얼,멋 내는 방법,21.07.02,"조회 5,875","조회 5,875"
1644,1페이지,걸리시,귀여운 매치,21.05.17,"조회 1,900","조회 1,900"
1645,1페이지,스트릿,스트릿 무드,21.09.06,"조회 4,269","조회 4,269"
1646,1페이지,캐주얼,캐주얼 룩의 정석,21.03.12,"조회 10,957","조회 10,957"
1647,1페이지,스트릿,스트라이프 활용법,21.02.19,"조회 2,783","조회 2,783"
1648,1페이지,걸리시,누구나 반해,21.12.24,"조회 4,526","조회 4,526"
1649,1페이지,포멀,데이트 룩 완성!,21.02.08,"조회 10,439","조회 10,439"
1650,1페이지,캐주얼,편하게 멋 내봐,21.09.08,"조회 11,382","조회 11,382"
1651,1페이지,댄디,레이어드 코디,21.06.10,"조회 2,551","조회 2,551"
1652,1페이지,캐주얼,그린 포인트!,21.05.28,"조회 5,413","조회 5,413"
1653,1페이지,캐주얼,톤온톤 코디,21.07.02,"조회 15,957","조회 15,957"
1654,1페이지,캐주얼,블랙 매니아,21.02.23,"조회 34,631","조회 34,631"
1655,1페이지,캐주얼,오늘의 코디,22.03.22,"조회 12,166","조회 12,166"
1656,1페이지,댄디,추천 댄디 룩,21.09.15,"조회 20,158","조회 20,158"
1657,1페이지,캐주얼,릴랙스 룩,21.02.23,"조회 23,511","조회 23,511"
1658,1페이지,스트릿,힙하다 힙해,21.02.03,"조회 35,261","조회 35,261"
1659,1페이지,캐주얼,심플한 코디,21.07.30,"조회 39,523","조회 39,523"
1660,1페이지,댄디,데이트 코디,21.12.24,"조회 10,291","조회 10,291"
1661,1페이지,댄디,훈훈 남친 룩,21.03.24,"조회 19,322","조회 19,322"
1662,1페이지,캐주얼,지금 입기 좋아,21.08.31,"조회 20,193","조회 20,193"
1663,1페이지,댄디,남친 룩으로 제격,21.12.24,"조회 9,630","조회 9,630"
1664,1페이지,댄디,서머 데이트 룩,21.07.26,"조회 7,825","조회 7,825"
1665,1페이지,포멀,깔끔하게 즐겨,21.11.09,"조회 6,293","조회 6,293"
1666,1페이지,아메리칸 캐주얼,남다른 감각,21.11.17,"조회 4,317","조회 4,317"
1667,1페이지,캐주얼,편안함의 완성,21.10.04,"조회 19,404","조회 19,404"
1668,1페이지,캐주얼,원 마일 웨어,21.10.08,"조회 16,763","조회 16,763"
1669,1페이지,아메리칸 캐주얼,아메리칸 캐주얼,21.12.21,"조회 4,475","조회 4,475"
1670,1페이지,캐주얼,편하게 완성,21.07.21,"조회 14,956","조회 14,956"
1671,1페이지,캐주얼,레이어드의 매력,21.06.04,"조회 12,655","조회 12,655"
1672,1페이지,포멀,매력적인 포멀 룩,21.09.17,"조회 11,319","조회 11,319"
1673,1페이지,댄디,레이어드의 매력,21.11.23,"조회 10,145","조회 10,145"
1674,1페이지,캐주얼,발랄함 가득!,21.07.05,"조회 3,119","조회 3,119"
1675,1페이지,댄디,남친 룩의 정석,20.11.04,"조회 16,251","조회 16,251"
1676,1페이지,포멀,손색 없는 단정함,21.11.12,"조회 3,139","조회 3,139"
1677,1페이지,시크,시크한 감각,21.08.20,"조회 3,696","조회 3,696"
1678,1페이지,캐주얼,서머 캠퍼스 룩,22.07.19,"조회 3,112","조회 3,112"
1679,1페이지,캐주얼,꾸안꾸 코디,22.11.04,"조회 3,856","조회 3,856"
1680,1페이지,포멀,깔끔한 매력,21.03.08,"조회 13,712","조회 13,712"
1681,1페이지,캐주얼,러블리 캐주얼,20.11.18,"조회 9,401","조회 9,401"
1682,1페이지,캐주얼,캠퍼스 룩,21.07.12,"조회 7,324","조회 7,324"
1683,1페이지,캐주얼,오늘의 무드,21.12.06,"조회 6,944","조회 6,944"
1684,1페이지,캐주얼,캐주얼 룩의 정석,20.11.06,"조회 16,135","조회 16,135"
1685,1페이지,캐주얼,잘 고른 재킷,20.10.28,"조회 20,244","조회 20,244"
1686,1페이지,포멀,단정한 모습,21.11.26,"조회 5,634","조회 5,634"
1687,1페이지,댄디,훈훈한 스타일,21.12.29,"조회 3,497","조회 3,497"
1688,1페이지,아메리칸 캐주얼,실패 없는 코디,21.06.11,"조회 8,250","조회 8,250"
1689,1페이지,캐주얼,피크닉 가자!,21.08.20,"조회 2,677","조회 2,677"
1690,1페이지,댄디,데이트하는 날,21.09.07,"조회 16,891","조회 16,891"
1691,1페이지,댄디,레더 스타일링,21.09.28,"조회 8,136","조회 8,136"
1692,1페이지,아메리칸 캐주얼,센스 있는 아메카지,22.10.26,"조회 6,979","조회 6,979"
1693,1페이지,캐주얼,귀여운 프레피 룩,21.06.04,"조회 12,122","조회 12,122"
1694,1페이지,캐주얼,남친 룩 추천,21.06.11,"조회 10,855","조회 10,855"
1695,1페이지,아메리칸 캐주얼,아메카지 무드,22.06.17,"조회 4,670","조회 4,670"
1696,1페이지,로맨틱,레트로 스타일링,21.05.17,"조회 2,279","조회 2,279"
1697,1페이지,포멀,깔끔한 연출,21.11.10,"조회 3,557","조회 3,557"
1698,1페이지,포멀,클래식한 실루엣,21.01.15,"조회 4,221","조회 4,221"
1699,1페이지,포멀,완벽한 스타일링,21.09.15,"조회 3,969","조회 3,969"
1700,1페이지,캐주얼,멋 내는 방법,21.07.02,"조회 5,875","조회 5,875"
1701,1페이지,걸리시,귀여운 매치,21.05.17,"조회 1,900","조회 1,900"
1702,1페이지,스트릿,스트릿 무드,21.09.06,"조회 4,269","조회 4,269"
1703,1페이지,캐주얼,캐주얼 룩의 정석,21.03.12,"조회 10,957","조회 10,957"
1704,1페이지,스트릿,스트라이프 활용법,21.02.19,"조회 2,783","조회 2,783"
1705,1페이지,걸리시,누구나 반해,21.12.24,"조회 4,526","조회 4,526"
1706,1페이지,포멀,데이트 룩 완성!,21.02.08,"조회 10,439","조회 10,439"
1707,1페이지,캐주얼,편하게 멋 내봐,21.09.08,"조회 11,382","조회 11,382"
1708,1페이지,댄디,레이어드 코디,21.06.10,"조회 2,551","조회 2,551"
1709,1페이지,캐주얼,그린 포인트!,21.05.28,"조회 5,413","조회 5,413"
1710,1페이지,캐주얼,트렌디해!,21.12.24,"조회 2,685","조회 2,685"
1711,1페이지,캐주얼,톤온톤 코디,21.07.02,"조회 15,957","조회 15,957"
1712,1페이지,캐주얼,블랙 매니아,21.02.23,"조회 34,631","조회 34,631"
1713,1페이지,캐주얼,오늘의 코디,22.03.22,"조회 12,166","조회 12,166"
1714,1페이지,댄디,추천 댄디 룩,21.09.15,"조회 20,158","조회 20,158"
1715,1페이지,캐주얼,릴랙스 룩,21.02.23,"조회 23,511","조회 23,511"
1716,1페이지,스트릿,힙하다 힙해,21.02.03,"조회 35,261","조회 35,261"
1717,1페이지,캐주얼,심플한 코디,21.07.30,"조회 39,523","조회 39,523"
1718,1페이지,댄디,데이트 코디,21.12.24,"조회 10,291","조회 10,291"
1719,1페이지,댄디,훈훈 남친 룩,21.03.24,"조회 19,322","조회 19,322"
1720,1페이지,캐주얼,지금 입기 좋아,21.08.31,"조회 20,193","조회 20,193"
1721,1페이지,댄디,남친 룩으로 제격,21.12.24,"조회 9,630","조회 9,630"
1722,1페이지,댄디,서머 데이트 룩,21.07.26,"조회 7,825","조회 7,825"
1723,1페이지,포멀,깔끔하게 즐겨,21.11.09,"조회 6,293","조회 6,293"
1724,1페이지,아메리칸 캐주얼,남다른 감각,21.11.17,"조회 4,317","조회 4,317"
1725,1페이지,캐주얼,편안함의 완성,21.10.04,"조회 19,404","조회 19,404"
1726,1페이지,캐주얼,원 마일 웨어,21.10.08,"조회 16,763","조회 16,763"
1727,1페이지,아메리칸 캐주얼,아메리칸 캐주얼,21.12.21,"조회 4,475","조회 4,475"
1728,1페이지,캐주얼,편하게 완성,21.07.21,"조회 14,956","조회 14,956"
1729,1페이지,캐주얼,레이어드의 매력,21.06.04,"조회 12,655","조회 12,655"
1730,1페이지,포멀,매력적인 포멀 룩,21.09.17,"조회 11,319","조회 11,319"
1731,1페이지,댄디,레이어드의 매력,21.11.23,"조회 10,145","조회 10,145"
1732,1페이지,캐주얼,발랄함 가득!,21.07.05,"조회 3,119","조회 3,119"
1733,1페이지,댄디,남친 룩의 정석,20.11.04,"조회 16,251","조회 16,251"
1734,1페이지,포멀,손색 없는 단정함,21.11.12,"조회 3,139","조회 3,139"
1735,1페이지,시크,시크한 감각,21.08.20,"조회 3,696","조회 3,696"
1736,1페이지,캐주얼,서머 캠퍼스 룩,22.07.19,"조회 3,112","조회 3,112"
1737,1페이지,캐주얼,꾸안꾸 코디,22.11.04,"조회 3,856","조회 3,856"
1738,1페이지,포멀,깔끔한 매력,21.03.08,"조회 13,712","조회 13,712"
1739,1페이지,캐주얼,러블리 캐주얼,20.11.18,"조회 9,401","조회 9,401"
1740,1페이지,캐주얼,캠퍼스 룩,21.07.12,"조회 7,324","조회 7,324"
1741,1페이지,캐주얼,오늘의 무드,21.12.06,"조회 6,944","조회 6,944"
1742,1페이지,캐주얼,캐주얼 룩의 정석,20.11.06,"조회 16,135","조회 16,135"
1743,1페이지,캐주얼,잘 고른 재킷,20.10.28,"조회 20,244","조회 20,244"
1744,1페이지,포멀,단정한 모습,21.11.26,"조회 5,634","조회 5,634"
1745,1페이지,댄디,훈훈한 스타일,21.12.29,"조회 3,497","조회 3,497"
1746,1페이지,아메리칸 캐주얼,실패 없는 코디,21.06.11,"조회 8,250","조회 8,250"
1747,1페이지,캐주얼,피크닉 가자!,21.08.20,"조회 2,677","조회 2,677"
1748,1페이지,댄디,데이트하는 날,21.09.07,"조회 16,891","조회 16,891"
1749,1페이지,댄디,레더 스타일링,21.09.28,"조회 8,136","조회 8,136"
1750,1페이지,아메리칸 캐주얼,센스 있는 아메카지,22.10.26,"조회 6,979","조회 6,979"
1751,1페이지,캐주얼,귀여운 프레피 룩,21.06.04,"조회 12,122","조회 12,122"
1752,1페이지,캐주얼,남친 룩 추천,21.06.11,"조회 10,855","조회 10,855"
1753,1페이지,아메리칸 캐주얼,아메카지 무드,22.06.17,"조회 4,670","조회 4,670"
1754,1페이지,로맨틱,레트로 스타일링,21.05.17,"조회 2,279","조회 2,279"
1755,1페이지,포멀,깔끔한 연출,21.11.10,"조회 3,557","조회 3,557"
1756,1페이지,포멀,클래식한 실루엣,21.01.15,"조회 4,221","조회 4,221"
1757,1페이지,포멀,완벽한 스타일링,21.09.15,"조회 3,969","조회 3,969"
1758,1페이지,캐주얼,멋 내는 방법,21.07.02,"조회 5,875","조회 5,875"
1759,1페이지,걸리시,귀여운 매치,21.05.17,"조회 1,900","조회 1,900"
1760,1페이지,스트릿,스트릿 무드,21.09.06,"조회 4,269","조회 4,269"
1761,1페이지,캐주얼,캐주얼 룩의 정석,21.03.12,"조회 10,957","조회 10,957"
1762,1페이지,스트릿,스트라이프 활용법,21.02.19,"조회 2,783","조회 2,783"
1763,1페이지,걸리시,누구나 반해,21.12.24,"조회 4,526","조회 4,526"
1764,1페이지,포멀,데이트 룩 완성!,21.02.08,"조회 10,439","조회 10,439"
1765,1페이지,캐주얼,편하게 멋 내봐,21.09.08,"조회 11,382","조회 11,382"
1766,1페이지,댄디,레이어드 코디,21.06.10,"조회 2,551","조회 2,551"
1767,1페이지,캐주얼,그린 포인트!,21.05.28,"조회 5,413","조회 5,413"
1768,1페이지,캐주얼,트렌디해!,21.12.24,"조회 2,685","조회 2,685"
1769,1페이지,캐주얼,가볍게 툭!,21.05.31,"조회 3,420","조회 3,420"
1770,1페이지,캐주얼,톤온톤 코디,21.07.02,"조회 15,957","조회 15,957"
1771,1페이지,캐주얼,블랙 매니아,21.02.23,"조회 34,631","조회 34,631"
1772,1페이지,캐주얼,오늘의 코디,22.03.22,"조회 12,166","조회 12,166"
1773,1페이지,댄디,추천 댄디 룩,21.09.15,"조회 20,158","조회 20,158"
1774,1페이지,캐주얼,릴랙스 룩,21.02.23,"조회 23,511","조회 23,511"
1775,1페이지,스트릿,힙하다 힙해,21.02.03,"조회 35,261","조회 35,261"
1776,1페이지,캐주얼,심플한 코디,21.07.30,"조회 39,523","조회 39,523"
1777,1페이지,댄디,데이트 코디,21.12.24,"조회 10,291","조회 10,291"
1778,1페이지,댄디,훈훈 남친 룩,21.03.24,"조회 19,322","조회 19,322"
1779,1페이지,캐주얼,지금 입기 좋아,21.08.31,"조회 20,193","조회 20,193"
1780,1페이지,댄디,남친 룩으로 제격,21.12.24,"조회 9,630","조회 9,630"
1781,1페이지,댄디,서머 데이트 룩,21.07.26,"조회 7,825","조회 7,825"
1782,1페이지,포멀,깔끔하게 즐겨,21.11.09,"조회 6,293","조회 6,293"
1783,1페이지,아메리칸 캐주얼,남다른 감각,21.11.17,"조회 4,317","조회 4,317"
1784,1페이지,캐주얼,편안함의 완성,21.10.04,"조회 19,404","조회 19,404"
1785,1페이지,캐주얼,원 마일 웨어,21.10.08,"조회 16,763","조회 16,763"
1786,1페이지,아메리칸 캐주얼,아메리칸 캐주얼,21.12.21,"조회 4,475","조회 4,475"
1787,1페이지,캐주얼,편하게 완성,21.07.21,"조회 14,956","조회 14,956"
1788,1페이지,캐주얼,레이어드의 매력,21.06.04,"조회 12,655","조회 12,655"
1789,1페이지,포멀,매력적인 포멀 룩,21.09.17,"조회 11,319","조회 11,319"
1790,1페이지,댄디,레이어드의 매력,21.11.23,"조회 10,145","조회 10,145"
1791,1페이지,캐주얼,발랄함 가득!,21.07.05,"조회 3,119","조회 3,119"
1792,1페이지,댄디,남친 룩의 정석,20.11.04,"조회 16,251","조회 16,251"
1793,1페이지,포멀,손색 없는 단정함,21.11.12,"조회 3,139","조회 3,139"
1794,1페이지,시크,시크한 감각,21.08.20,"조회 3,696","조회 3,696"
1795,1페이지,캐주얼,서머 캠퍼스 룩,22.07.19,"조회 3,112","조회 3,112"
1796,1페이지,캐주얼,꾸안꾸 코디,22.11.04,"조회 3,856","조회 3,856"
1797,1페이지,포멀,깔끔한 매력,21.03.08,"조회 13,712","조회 13,712"
1798,1페이지,캐주얼,러블리 캐주얼,20.11.18,"조회 9,401","조회 9,401"
1799,1페이지,캐주얼,캠퍼스 룩,21.07.12,"조회 7,324","조회 7,324"
1800,1페이지,캐주얼,오늘의 무드,21.12.06,"조회 6,944","조회 6,944"
1801,1페이지,캐주얼,캐주얼 룩의 정석,20.11.06,"조회 16,135","조회 16,135"
1802,1페이지,캐주얼,잘 고른 재킷,20.10.28,"조회 20,244","조회 20,244"
1803,1페이지,포멀,단정한 모습,21.11.26,"조회 5,634","조회 5,634"
1804,1페이지,댄디,훈훈한 스타일,21.12.29,"조회 3,497","조회 3,497"
1805,1페이지,아메리칸 캐주얼,실패 없는 코디,21.06.11,"조회 8,250","조회 8,250"
1806,1페이지,캐주얼,피크닉 가자!,21.08.20,"조회 2,677","조회 2,677"
1807,1페이지,댄디,데이트하는 날,21.09.07,"조회 16,891","조회 16,891"
1808,1페이지,댄디,레더 스타일링,21.09.28,"조회 8,136","조회 8,136"
1809,1페이지,아메리칸 캐주얼,센스 있는 아메카지,22.10.26,"조회 6,979","조회 6,979"
1810,1페이지,캐주얼,귀여운 프레피 룩,21.06.04,"조회 12,122","조회 12,122"
1811,1페이지,캐주얼,남친 룩 추천,21.06.11,"조회 10,855","조회 10,855"
1812,1페이지,아메리칸 캐주얼,아메카지 무드,22.06.17,"조회 4,670","조회 4,670"
1813,1페이지,로맨틱,레트로 스타일링,21.05.17,"조회 2,279","조회 2,279"
1814,1페이지,포멀,깔끔한 연출,21.11.10,"조회 3,557","조회 3,557"
1815,1페이지,포멀,클래식한 실루엣,21.01.15,"조회 4,221","조회 4,221"
1816,1페이지,포멀,완벽한 스타일링,21.09.15,"조회 3,969","조회 3,969"
1817,1페이지,캐주얼,멋 내는 방법,21.07.02,"조회 5,875","조회 5,875"
1818,1페이지,걸리시,귀여운 매치,21.05.17,"조회 1,900","조회 1,900"
1819,1페이지,스트릿,스트릿 무드,21.09.06,"조회 4,269","조회 4,269"
1820,1페이지,캐주얼,캐주얼 룩의 정석,21.03.12,"조회 10,957","조회 10,957"
1821,1페이지,스트릿,스트라이프 활용법,21.02.19,"조회 2,783","조회 2,783"
1822,1페이지,걸리시,누구나 반해,21.12.24,"조회 4,526","조회 4,526"
1823,1페이지,포멀,데이트 룩 완성!,21.02.08,"조회 10,439","조회 10,439"
1824,1페이지,캐주얼,편하게 멋 내봐,21.09.08,"조회 11,382","조회 11,382"
1825,1페이지,댄디,레이어드 코디,21.06.10,"조회 2,551","조회 2,551"
1826,1페이지,캐주얼,그린 포인트!,21.05.28,"조회 5,413","조회 5,413"
1827,1페이지,캐주얼,트렌디해!,21.12.24,"조회 2,685","조회 2,685"
1828,1페이지,캐주얼,가볍게 툭!,21.05.31,"조회 3,420","조회 3,420"
1829,1페이지,캐주얼,레트로 무드,21.03.12,"조회 11,463","조회 11,463"
